,0,1,2
0,-0.5718285292729637,0.8203731669853174,0.30004494008977023
1,0.7157997884049602,0.6983055655795779,0.36504370886456017
2,-0.8963872795565007,0.4432717507909746,0.07198256039845852
3,-0.28042786869724046,-0.9598751014886902,0.14440768490149591
4,0.9966363191776838,-0.08195149355538284,0.038367429633878514
5,-0.903927210794369,0.42768633083781427,-0.3195632646112265
6,-0.006890524746718441,-0.9999762600525649,-0.26049578901832415
7,0.25364392841935446,0.9672976571748726,0.45678856776102816
8,0.18877466432173046,0.982020430597153,0.5277901334207393
9,0.8130454181299013,-0.5822002645636413,0.9620787117590606
10,0.03750117443124663,0.9992965835607951,0.37209694633460355
11,-0.941402231375472,-0.33728598957158357,0.2659522302096513
12,0.7747472405513637,-0.6322710757721307,0.8290963418592219
13,-0.9999908371262284,0.004280848465551782,0.9098541755939773
14,-0.9450720843413525,-0.32686198218619966,0.39476320274457777
15,-0.4445844270759124,0.8957369520130242,0.3791950364475123
16,-0.48544117914677765,0.8742693301200644,0.643199463165478
17,0.9994694311587412,0.03257078720605685,0.858276733271196
18,-0.752988499497298,-0.6580336766646581,-0.7111511598925564
19,0.5886159578127959,0.8084127993841543,0.6381371780783445
20,-0.39391958650261644,0.9191449066222408,-0.28433961123426243
21,-0.9746316627741577,-0.2238149278267213,-0.2982548943839136
22,-0.8935581049111945,0.44894756169013195,0.9442714836245225
23,-0.9605229456424631,0.27820077443157093,0.31389974086987804
24,0.28107158510561475,0.959686805185013,0.1567133544076409
25,0.131920154889221,-0.991260345587376,0.38864040466672445
26,-0.9824008559423344,0.1867847912539151,-0.24394695036480285
27,-0.12920054723241775,-0.9916184843955077,0.4815127982593812
28,-0.9670834586016857,0.2544593957766183,0.9796490309669295
29,-0.33032217404732683,-0.9438682436297173,0.9613133107007019
30,0.21106032896351157,-0.9774730367318651,-0.10289617209089252
31,0.8533410931973293,-0.5213530269028721,0.4475838091871429
32,-0.9850791169815514,0.17210210134349646,0.5800795696406138
33,0.3963632466534551,-0.9180937733708536,0.0813876890313121
34,0.32651071007344,-0.9451935019917023,-0.2011767083142475
35,0.42597605125527505,-0.9047344382507849,-0.2508506409239992
36,-0.5396703456489395,0.841876426815215,-0.007392627041119759
37,0.8156569831940368,0.5785358120002623,0.04832133555589757
38,0.41848908223310016,0.9082218275573967,-0.33227884211943337
39,-0.8536535087533254,0.5208413261187482,0.6905679309286703
40,0.7983544497037078,-0.6021878217286446,0.9645472386668812
41,0.988149557430979,-0.15349414369597392,-0.018309403386438827
42,-0.06303622364108072,0.9980112396707121,0.7339626783567037
43,-0.5368522996343977,0.8436762461852644,-0.9011272924327025
44,-0.9757685020037088,0.21880546267732465,-0.4933748694323439
45,0.5066118402160605,-0.8621742534736796,0.7647030864304669
46,0.0126511372566412,-0.9999199711607493,0.9487016742133116
47,0.2372148503583053,0.97145721201167,-0.4491962928458617
48,-0.6428198157588123,-0.766017417861896,0.04494309434518362
49,0.9677456264446841,-0.25192936013332384,0.47517234198493896
50,0.7180421393782441,-0.6959996308024267,0.9066015746459575
51,-0.6848300534656584,-0.7287028186237676,-0.1343487852542724
52,0.9361191245131051,-0.35168307425979095,-0.9577293665080895
53,-0.9714108737058216,-0.23740453754318241,0.46751848567485155
54,-0.5623282224294902,-0.8269141250814922,0.5086778537022625
55,0.6675699286787393,0.7445471041672669,-0.03821363468933825
56,0.9721116487016195,-0.23451853329453332,-0.9819873346359267
57,-0.27452873989057436,-0.961578894825637,0.6216295240515484
58,-0.9982470021073161,0.05918549470737012,-0.7070773227818636
59,0.875702820436623,-0.48285046368347173,0.9958880881075847
60,-0.17483681557169273,0.9845974242911414,0.9825650694597443
61,-0.3554331529754601,0.9347017030935181,-0.1529200166668636
62,-0.5556268324247972,0.8314317910024769,-0.4922328824082718
63,-0.2349189737660937,0.9720149565540056,0.9277393237773619
64,0.878074142399674,0.47852460798696356,0.5891752129172438
65,0.9899559656747382,-0.1413760447352963,0.8839270546624642
66,0.33981731572666285,0.9404914629768446,0.6518554996536459
67,0.706946702058959,0.7072668240826523,0.056110279963365706
68,-0.012794814978743105,0.9999181430045461,-0.15328296518953555
69,0.10559388058833077,-0.9944093384428252,0.05943056375039202
70,0.9828898688631956,0.18419420644007814,0.7405674305576111
71,0.9067479102518777,-0.42167312844649324,0.8586522533187084
72,-0.8767694443319607,-0.4809109496422647,0.37868468064699856
73,-0.5561534526742409,-0.8310796213832469,-0.6570785119529761
74,0.5822784368733513,0.8129894353263925,-0.47214798144811043
75,0.762266655464966,0.6472631195783171,-0.4349181885972424
76,0.1764441421803548,0.9843106545650304,-0.802227389045818
77,0.462913025714943,-0.886403706345724,0.2488206832829074
78,-0.9609330554518462,0.27678089337954515,-0.679647563926876
79,0.9929467953918218,0.11856079251216059,0.30843407184825655
80,-0.027047086226440434,0.9996341606441126,0.6808113892295797
81,-0.8949920517613302,-0.44608208581386055,-0.955745782400165
82,-0.375973915006529,0.9266302473126287,-0.7932204425808569
83,0.9999906519880829,-0.0043238797912154665,-0.06636468015540431
84,-0.9516798968429795,0.3070918005172654,-0.6130215716532554
85,0.97304558792105,0.2306128440208354,-0.7670119914403919
86,-0.5375653765549389,-0.8432220739101574,0.14162043471027985
87,0.17723298103167134,0.9841689237293704,0.39689313891397093
88,0.8083623395215369,-0.5886852538014414,0.8222160395864451
89,0.9030071644307397,-0.42962548921910476,-0.6250426782892176
90,0.47167662271823263,0.8817716051116196,-0.18227783211480109
91,-0.5815850717282179,0.8134855895115067,-0.8079037443639758
92,0.53669198731857,0.8437782355263993,0.5830401188779522
93,-0.40323301864277866,0.9150973350831224,0.2710624241305921
94,-0.7412667244941835,0.6712105803379921,0.65707359640622
95,-0.6429566625277803,-0.7659025591490983,-0.9377882417104373
96,0.6681243582839127,-0.7440496232562112,0.9619240088547378
97,-0.4576431141414575,-0.8891359738976423,-0.9293747582022025
98,-0.4928118859874907,0.8701358773372424,0.3122544278968802
99,0.76977874634907,0.6383108033468133,-0.27919490612273057
100,0.9952559894772012,0.09729088040385497,0.8510759117168123
101,-0.9486266899988348,0.3163975395319226,-0.6153155134777375
102,-0.9925177918136855,-0.12210009391186233,-0.23372886601740728
103,-0.9411823221680009,-0.33789915128400266,-0.635863703033829
104,-0.27023156473902504,0.9627953580168,0.568009098697267
105,0.8165089576551303,-0.5773327654558786,-0.2616794644663356
106,-0.6358734306634768,-0.7717933532858783,-0.6855652666895256
107,-0.2470289717510994,0.9690080944530828,0.8865937221704165
108,0.7269528324494292,0.6866873956858042,-0.3528543712810248
109,-0.9606620327627761,0.27772010875716396,0.17778554399197954
110,-0.9958824999904524,0.09065344015958032,0.7822070966703598
111,0.43998499662224283,-0.8980051240095042,-0.2758497770216273
112,0.9263426887683753,-0.3766818590871837,-0.007337265536652815
113,0.08964951012741583,0.9959733758157968,0.6837102997064131
114,0.8424484332614444,0.5387769828930499,0.36630024853847876
115,-0.9995937347504505,-0.028502025325332643,-0.37670171974154276
116,0.46142945213624825,0.8871769049638532,0.4239843311851059
117,0.6323430563643274,0.774688491632489,-0.4795521354324921
118,-0.8979109398971407,-0.44017717343478124,0.6566284447032213
119,-0.9588769860393208,0.2838219964064592,0.26522137446079097
120,0.24140889733985507,-0.970423487084456,-0.8850172563238459
121,-0.8996509462750121,0.4366098657456968,0.08643296613526985
122,0.7751882893600137,0.6317302557572304,0.7137486021936412
123,0.858523282377487,0.512774583628894,0.42173354439231225
124,0.9309943955670825,0.36503347164702943,-0.8622070764213372
125,0.012995172385432217,0.9999155591822106,0.9277086653664308
126,0.04065192973274502,0.9991733686448033,0.4159542155209319
127,-0.1128466400457889,-0.9936124173088701,0.019901927862046254
128,0.6232478085999358,-0.7820244043988511,-0.0884405817734113
129,-0.6863946929439553,-0.7272292111146068,0.5394957757661993
130,-0.42767052114701803,0.903934690860926,0.8481498022140046
131,-0.38805023117266185,0.9216382251658423,-0.2725675616238519
132,0.5050608356864177,-0.8630837457951211,-0.3827734140527095
133,0.5036068110705056,0.8639329718464251,0.7386128452937792
134,-0.2838666582398264,-0.9588637652658242,0.5385028087301027
135,0.9927651395251714,0.1200723854329832,-0.906954464577229
136,-0.4282750937326265,-0.9036484073401059,-0.7570725225492341
137,-0.5320969507127249,0.8466834326017133,-0.1503656149764958
138,0.05452448253868475,0.9985124339756059,0.4415323744594699
139,0.9518089980962481,0.30669142658870735,0.18926025310417738
140,-0.8181284414315058,-0.5750355235295079,0.45394184971721296
141,0.5591668501101827,0.8290551451730195,-0.29197231124985934
142,0.7521103053344069,0.6590372437197956,0.35954837103730997
143,0.9080117177050073,0.41894477023875365,0.11529733101260753
144,0.8480503694346735,-0.5299156262101673,0.11257598492385168
145,-0.9932182786534032,0.11626457305977037,-0.4788815663186998
146,-0.8716139884336805,0.4901928754752885,0.06909246375771727
147,0.03439590722481045,0.9994082857201967,-0.14516485615038222
148,0.9971693378771582,0.0751885070847262,0.5536793434623697
149,0.9756039166589576,-0.21953814657070803,-0.30936729763450455
150,-0.5086777631172802,-0.8609569869104962,0.10189393339444641
151,-0.4108561548686609,0.9117001809841538,-0.2833260979726615
152,-0.7675700492996251,-0.640965068797178,0.43522184064711533
153,0.8579048577622651,0.5138085781961096,-0.3809827064318181
154,-0.8758955441613369,0.48250077276447495,-0.8406749708478909
155,0.9331348494389945,0.35952656753356227,-0.3844425325695051
156,0.15677725292126105,-0.9876339873487865,-0.5066787861393538
157,-0.9990802687381366,-0.042879093019008885,0.9589439804881388
158,-0.8762660633990581,-0.48182754812808076,-0.897726816556099
159,0.6514353142891766,-0.7587041790427688,0.9542783289125365
160,0.8300480737024004,0.557691846222387,-0.976146473019889
161,0.2938947654924316,-0.9558377826891699,0.30258197066336034
162,0.45364088695444404,0.8911845744194551,-0.7600141995711605
163,0.7751838924413499,0.6317356511227443,0.32055644141461115
164,-0.48521976384102444,-0.8743922350856396,-0.13374981387235607
165,-0.06945636453947962,0.9975849905772234,-0.9599132183493699
166,-0.8345217731420596,-0.5509749632713203,0.02859502491401167
167,0.9978020692293771,0.066264852233846,-0.9718548997092951
168,0.21096263187903488,-0.9774941268113435,0.6033329989590674
169,-0.8495417988081813,-0.527521309595887,-0.5094310836769342
170,0.9327291208362053,0.3605778517104447,0.9129771727481355
171,-0.4548011198854355,-0.8905930279038533,0.6644977012509252
172,0.9810381702907729,0.19381462388718895,0.9726735679962462
173,-0.3262269691062263,-0.9452914707262333,0.24003099641426662
174,0.7976813321045294,0.6030791759064008,-0.7512004772418268
175,0.5138286641538333,0.8578928277435867,-0.42964194378427467
176,-0.9757097816657253,0.21906716312999236,-0.43229165297337957
177,-0.5920356688830841,-0.8059117611563683,0.9983870321194817
178,-0.7048118854122728,0.7093942529944807,-0.38449996356551885
179,0.4417692991283095,-0.8971286899590728,-0.5813797832864769
180,-0.887447233960162,-0.4609093261547844,0.6783417271859524
181,0.7085587425926911,0.7056518322058439,-0.246038785996608
182,-0.623845280013504,-0.7815478658437196,-0.8061758559840055
183,0.4172905140258892,0.9087731438065328,0.6848821271415433
184,-0.15075041799203356,-0.9885718544826305,0.1802991273860315
185,0.36890334134169517,-0.929467764232269,0.6605783651634201
186,0.08437051259611866,-0.9964344517349187,-0.3008066733973904
187,0.861938956259011,0.507012066605053,0.5867711623004441
188,-0.029220510704492286,-0.9995729897081896,-0.21330339890205785
189,0.9996672731015812,-0.025794245281623863,-0.5253194254234974
190,0.355107074592135,0.9348256337813036,0.5382261711568961
191,0.9227188227779928,-0.3854737009073319,0.46559850480094456
192,0.9982482987269061,0.059163621329645324,0.7102792985524762
193,-0.9608003560302966,-0.27724118714948415,-0.050324037758312734
194,-0.9788497574627154,-0.20458042994182812,0.783296027404724
195,0.9772096273005502,0.2122765750409591,0.2644452382652911
196,-0.6353163610325704,0.772251980511758,-0.584177848289904
197,-0.9604454682596849,-0.27846813551901156,-0.38767647819071094
198,0.3630248729520555,-0.9317794490211425,-0.2865708785126684
199,0.41688553778732773,-0.9089589915853028,-0.3595136662771439
200,0.30464431198653386,0.9524661900425923,-0.16743039020880257
201,-0.9541807464425343,-0.2992308525509497,0.759626441597858
202,-0.978847436064,0.20459153675294933,-0.935038236509343
203,-0.9946040872212576,0.10374348019402997,-0.23837869558061553
204,0.8266401432838731,-0.5627309068387996,-0.6577768734236256
205,-0.9467368177874345,0.3220083816389291,0.05095816409926601
206,-0.9191907289571284,-0.39381265063385534,-0.32484308672209616
207,-0.808783153227873,-0.5881069724589048,-0.9126978973274782
208,0.9795886104507657,0.20101282117103353,-0.9093694931285803
209,-0.2728052848794599,0.962069268058094,-0.2655050178973384
210,0.7504490540203761,-0.6609282996815332,-0.7470327567512451
211,-0.8149921654673284,-0.5794719753593565,0.7615935752986778
212,0.6368131386696545,0.7710181751539346,-0.45153724823609
213,0.4890074700446761,-0.8722795963683349,-0.12085145995329838
214,-0.11851875890769878,0.992951813426502,-0.26112653489134585
215,0.42912461732255547,0.9032452949270039,-0.9462579239825188
216,-0.8661957964054874,-0.4997047551199243,0.6218983926430861
217,0.8515841259510678,-0.5242179665255245,0.09825625491169387
218,0.6726157732551091,0.7399919064208957,-0.3835455656875515
219,0.8997725634214078,0.4363591801647684,0.6746208288274829
220,0.5818047572138949,-0.8133284849821018,-0.966223044622829
221,0.710142006346355,0.7040584711672556,-0.5150975113050256
222,0.7363145240186256,-0.676639432577813,0.7694401840464109
223,0.8475888584693632,-0.5306534905176842,-0.24279876592330107
224,-0.05344258692882008,0.9985709238218162,0.2863856875149382
225,-0.9999962497726399,0.0027386932387557204,0.44806819947438137
226,-0.9667234581266497,0.2558236805060306,0.10631044779379928
227,0.8913291161900189,-0.45335682043167713,0.20925796761060056
228,-0.5484069361787263,0.8362115954416456,-0.011025787885422522
229,0.22966397247124284,-0.9732699829691288,-0.6835582808970457
230,0.30101990582587684,-0.9536178565319445,-0.14253463497325192
231,0.8270375363547346,-0.5621467010134374,-0.23665560263612262
232,0.653320372473365,-0.7570815615977341,-0.8435106603719325
233,0.6027844903929361,0.7979040406851743,-0.9212443945642939
234,0.9434219953930584,-0.331594539473406,0.9832753123615967
235,-0.27546839407709595,-0.961310128868195,0.28069938107383985
236,-0.7546694268357254,-0.6561052173237444,-0.8116117971114782
237,-0.42372148850895747,0.9057925260100976,-0.9179681574113527
238,-0.1884343701891459,-0.9820857845073514,0.2325507610782207
239,-0.9507192271865033,-0.3100531423125688,-0.2978660773319579
240,0.8215788682235456,-0.5700948721822692,0.6431655756121049
241,0.14624716499326465,-0.9892480814898924,0.08548762187482595
242,0.4321633662759446,-0.9017953342355702,-0.7197335582124078
243,-0.5380414576073742,0.842918376769502,0.1479346974891078
244,0.5454970293505943,-0.8381127555225948,-0.5186210396973527
245,-0.08490683172872444,-0.9963888949229563,-0.40526956997008656
246,0.9926867563531742,-0.12071869681625068,0.7507260938285956
247,0.13603116041048235,-0.9907045590878129,-0.01843157511359972
248,-0.9943310210151581,0.10632883262292085,0.5074960538514302
249,-0.7815596576467795,-0.6238305070602501,0.6441676335648701
250,0.8417690626398547,-0.5398377952518889,-0.882600827807813
251,0.9125257194824381,-0.4090193287401693,-0.7965691630457219
252,-0.978332720425466,0.2070388566064519,-0.2891674103808384
253,0.9994201607849523,0.03404911476940417,0.7844403998696534
254,0.4514971008789428,0.8922725860957008,0.21504715484136394
255,-0.9904710296620496,0.13772123801432865,-0.25421431439090125
256,0.33643992889569674,0.941704929500031,-0.36565318922234136
257,-0.2702160725168899,0.9627997061453368,-0.31848239520643196
258,-0.9711480264295768,0.23847748481132974,0.578138020893719
259,-0.654117736822824,-0.7563927461139396,-0.001154206212868658
260,-0.034509388392024914,-0.9994043736710423,-0.5764501909917059
261,-0.4284616563409782,-0.9035599642777149,0.6515536675558227
262,0.4382787115216978,-0.8988391241078019,0.09933041847143387
263,0.08746105444711609,0.9961679396341756,0.987808638224875
264,-0.6650606150489655,-0.7467893801539305,0.6629987134930961
265,0.9166905221528557,-0.39959790614457025,0.657222690965453
266,0.23085330257213207,-0.9729885676057759,-0.44221540629094713
267,0.9646233176261356,0.2636320448882256,-0.7624031310583512
268,-0.17274501241872398,-0.9849665784606374,-0.8790420770362788
269,-0.9802521369527806,0.1977517332402098,0.08761564836886548
270,-0.9507075632996976,0.3100889051300473,0.5748927502133643
271,-0.8991385022757842,0.43766420201480916,0.7862267456991485
272,0.032180877129406954,0.9994820614434168,-0.16531734262155573
273,0.23496466051358805,0.972003913731696,0.4519877313034777
274,0.39536608064655127,-0.9185236318539577,-0.5541792572053668
275,-0.9849078050145245,0.17307979553220978,-0.809572731785926
276,-0.09580002633103571,-0.9954006002384029,-0.7159694940773307
277,0.7889826481834408,0.6144154790249388,0.43903830038429525
278,0.3779308907209956,-0.925833808973746,0.2925982650471559
279,-0.7297336666444396,-0.6837315085365467,-0.8972358730935424
280,-0.9476918743863219,0.319186640105973,-0.6884805696011549
281,0.04678143941443834,0.9989051491139253,-0.43563167560132054
282,-0.23345790107842312,-0.9723669103913692,-0.4390749031910306
283,0.22315945394904257,0.9747819541380345,-0.36013680516792346
284,-0.17886769282656545,-0.9838731363661178,-0.9154212704797737
285,-0.21406461620914963,-0.9768195023069663,0.42738836573917083
286,-0.4508081251931458,-0.8926208793546345,0.8970227631646639
287,0.6406449019753555,-0.7678372936846628,0.8871052792277085
288,-0.594592020919961,0.8040275671009774,0.9615967887004313
289,0.9475164509715602,0.31970701452776856,-0.7139039323248568
290,0.16783071159501994,-0.9858158307947328,0.22649666052822703
291,0.48999581040900675,0.8717247878669165,0.56998036732381
292,0.6107600085648727,0.7918157689373435,-0.40928015331767176
293,0.7445363204861519,-0.667581955625631,0.46488427409127664
294,-0.8118815132404035,0.5838222404623453,0.2365294320687914
295,-0.26544477042633136,0.9641260674068056,-0.3479162088191641
296,-0.08412067956597136,0.9964555741574027,-0.43076940078934567
297,0.9457277899053735,0.3249599166061835,-0.13535721172583837
298,0.59471665515125,-0.8039353830288285,-0.47210547369010847
299,0.8483088962141566,0.5295016681785991,-0.9396219736011946
300,0.9826535693957409,0.18545070114132714,0.6772526950472035
301,-0.8908723135340674,0.4542538067847736,-0.26449468923273955
302,0.738235761345229,0.6745427789777534,0.17796444550007973
303,0.9998891877749918,0.01488664403642071,-0.06346214188484267
304,-0.49473788370514615,0.8690422466295602,-0.4893066810241129
305,-0.5738375346338055,0.8189691592760964,-0.43275489982724613
306,-0.9850409072963857,-0.17232066316235323,-0.5636905566680042
307,-0.9990468261566173,-0.043651336135217024,-0.8515517992839339
308,0.5594696187728238,-0.8288508585205129,-0.7752844745622762
309,-0.9928946800821968,-0.11899644643632029,-0.2640684553756192
310,0.1383676801163868,0.9903809292889324,0.29255031933979625
311,-0.7909840853800968,0.6118367238695399,-0.9253134787671087
312,0.8314075258661422,-0.5556631407004967,0.8877839468709345
313,-0.319001005793631,-0.9477543765673951,-0.44364597014089546
314,-0.877072212062473,-0.480358548198989,-0.6759371636456015
315,-0.8242797657587412,-0.5661827158795248,-0.7804891907508182
316,0.9597240139475495,-0.2809445088489964,-0.4210267432928658
317,-0.9329874888937998,0.35990880173683154,-0.6134527388531827
318,0.08151995691605814,-0.9966717095535541,0.9217514839406158
319,0.9411064096161705,0.3381105230237009,-0.019738238291186594
320,-0.07997248363554554,0.9967970715552702,0.9097305456299152
321,-0.21169243794922177,-0.9773363350019864,-0.7740296037562553
322,0.43025606673802047,0.9027068832323857,-0.9060947142672335
323,-0.7289187266965922,0.6846002409224077,-0.1892207686829177
324,-0.9996331199323226,-0.02708552259733445,0.08078399962739313
325,-0.8068695279993658,-0.5907296884244778,0.8853553753660695
326,0.7888746548832819,-0.6145541301486654,0.8262112195888114
327,0.1098401791335174,0.9939492618076221,-0.2635551093665258
328,0.30158828991970094,0.9534382535766595,0.22105725287516087
329,0.9975155041733637,-0.07044727768878056,-0.9766823275833987
330,0.6105934471993548,0.7919442166195854,0.7087328196733449
331,-0.7069351692064229,0.7072783515272373,0.5564198353735306
332,0.5181569101952916,0.8552855759434205,-0.9636388882604325
333,-0.5582856796238814,0.8296487810675677,0.9956505245738068
334,-0.9999781927117304,-0.006604097287403217,-0.6324532416219337
335,-0.8262983049831637,0.5632327326975507,-0.9703342879851486
336,0.6860747253762493,-0.7275310791986169,-0.10898179105633377
337,0.969046536366874,0.24687812854800392,-0.7857633968777868
338,0.2141804392865051,0.9767941131205898,0.3513357628434972
339,-0.32858026587537775,-0.9444760499225304,-0.5817091226919706
340,0.2945451135045905,0.95563757571088,0.6956998954842044
341,-0.10172662388883731,0.9948123913543594,-0.017659538588634893
342,-0.9595474376965937,0.28154700284304535,0.16887816514775889
343,0.5994211673211606,0.8004337974919207,0.5405878989341935
344,-0.7741096439490986,0.6330515454092184,-0.9762579949308616
345,0.18199351743538647,-0.9832997303017507,0.580085663228993
346,0.3082136847215435,-0.9513171524525188,0.46737917046573285
347,0.666707066361749,0.7453198559432791,-0.9039038539872666
348,-0.8643837779270914,0.5028326604910314,0.6101309332088807
349,-0.943915352258084,-0.33018753424606617,0.7972135328817984
350,-0.45890878770283067,-0.8884833845205651,0.4200128893848192
351,-0.996579727174602,0.08263684035946577,-0.7930685082162645
352,0.837861128654439,0.5458834391057396,0.5210460463487916
353,0.8006331099635925,0.5991549242308085,-0.0002726495287472819
354,-0.04842011991040357,0.9988270580975779,-0.9398341458775534
355,-0.07704623317218301,0.997027521161767,0.30961965128445024
356,-0.3369123512319549,-0.9415360150240435,0.887078947269655
357,-0.07917393352533623,0.996860816889763,0.9951076168506889
358,0.2649337970183598,-0.9642666037966028,-0.24678835491938766
359,0.7152152602416688,0.698904236299539,0.32171054896514817
360,0.7441176960598634,0.6680485419567659,0.9796009980150839
361,-0.28917587951380636,-0.9572759846081048,-0.7807515899142445
362,-0.31280291372706814,-0.94981805476831,-0.7060876044070064
363,-0.9320890917952174,-0.3622291056173798,-0.23332790679872994
364,-0.870831095630654,-0.4915823459835746,-0.761884820718012
365,-0.15105050222648583,0.9885260470908829,0.5151789454257942
366,0.592312900129883,-0.805708029213888,0.8095319154741554
367,-0.45987552031532086,-0.8879833927583967,0.7727003906864869
368,-0.415769410568238,-0.9094700639579842,0.28695594934990476
369,-0.3216572548410106,0.9468561719755251,0.1804570315607561
370,0.794427156790064,-0.6073594426321657,0.08396532509530785
371,-0.9460460257862212,0.32403227785838945,-0.6539739167780141
372,0.7541409971679977,0.6567125371046743,0.5783931948336192
373,-0.1279570884034971,-0.9917797051398559,0.9558380831487732
374,0.9961217618125443,-0.08798542858606107,0.22025728471946415
375,-0.21975917962927335,0.9755541517356526,-0.8647446986390777
376,-0.9830800209879867,-0.1831766151403054,0.6652536978193149
377,0.9699686051165316,0.24323014839507445,-0.16051644643564766
378,0.17995255700161011,0.9836752905448943,0.4839984964241031
379,0.4710044336107457,-0.8821308426299472,0.44315267446644424
380,0.8782224411050749,0.4782523851894973,0.8900498914603936
381,-0.29057158629675894,-0.9568532558532605,0.4246650428097061
382,-0.2755559117386656,-0.9612850459181568,0.5536307502130033
383,-0.8485132258678858,0.5291741731483824,0.29987695188427654
384,0.9360406611790408,-0.35189185926858846,-0.5050863416488915
385,0.3081922457107109,-0.9513240981304892,0.127724726330956
386,-0.2951420429408202,0.9554533868738543,-0.527892157241449
387,-0.5352407602573535,-0.8446995492831343,-0.5202668470217493
388,0.9437527484483876,-0.33065200709524567,0.9042268829305125
389,0.22409955035988308,0.9745662581520551,-0.4893111664724983
390,-0.718733106658514,0.6952860716230416,-0.43462657054866627
391,0.7086465051322605,0.7055636971697404,0.40032315105501026
392,-0.6280297781728815,0.7781893071278487,-0.06020994155586257
393,0.8062841428821633,-0.5915284278348549,-0.0031022373671771852
394,-0.99964891825365,0.026496041861142353,0.32442286990952507
395,0.9272519800352762,0.37443793280149873,-0.5487571787749153
396,-0.27616356749667115,-0.961110651271492,0.2395502123856259
397,0.09538104996128902,-0.9954408346598416,0.5264520869690499
398,0.310386852928739,-0.9506103310657807,0.8803138404516595
399,-0.7414803315927448,-0.6709746029926268,0.7103069424722517
400,-0.9355284231043163,-0.35325142542380683,0.004740960696405061
401,0.42399701932053063,-0.9056635841234346,-0.7763464713167201
402,-0.9983475795295899,-0.0574639926163277,-0.28012579622918365
403,0.014010306270409027,0.9999018508424761,0.6837760909993829
404,0.6499356595239558,-0.7599892357653236,0.17532699809556673
405,-0.6791636137539802,-0.7339869111589351,0.15662963238376082
406,0.2566976473820219,0.9664917577654427,-0.2911617203208803
407,-0.32659060067685586,-0.945165900543143,0.5036954893738403
408,0.6455458902916262,0.7637214829553975,-0.04156482420254681
409,0.14364685635598498,0.9896290116296323,-0.1919587945426029
410,0.26522754872795323,0.9641858469173675,0.09548339267146622
411,0.2645194704770844,0.9643803449565544,-0.9851554054716087
412,-0.5225637163044503,-0.8526002359852372,0.11211589680303691
413,-0.5695662988555472,0.8219453942981818,0.31219454792462864
414,-0.785074628229494,0.6194011851056808,0.7054657305172285
415,-0.8913916621041343,-0.4532338300824738,0.30231831052209257
416,0.034873705972674675,0.9993917273180379,-0.0847055727536905
417,-0.3477993631142758,-0.9375689857377452,-0.9811429230873001
418,0.9377372725373367,-0.34734537235183766,0.7119547576116312
419,0.990105837145022,0.14032259708028227,-0.7910753881727417
420,-0.9786725813208446,0.20542633368386568,-0.21708433024045992
421,-0.4664242629297634,-0.884561138051196,0.6474304337786607
422,-0.728663348153691,-0.6848720501359745,0.8061956456994059
423,0.9998630913732481,0.016546857995756233,0.2613713373017683
424,0.11389258021837409,-0.9934930700166968,0.5463940096951638
425,0.756860937911464,0.6535759486576744,0.686432392809895
426,-0.9914558792292207,0.1304424759877425,0.8386957725339024
427,-0.8242980322237905,-0.5661561216413603,-0.9048844822811439
428,0.9349878535318872,-0.35467973405289765,-0.6496947014220227
429,0.5906215057432445,-0.8069487201511523,-0.9288331015583893
430,-0.16563707272210634,-0.9861867775122781,0.9491456561211984
431,-0.2154504883010541,-0.9765147654238707,0.8875823768498943
432,0.08807774219042883,-0.9961136036269339,-0.6761049652914171
433,0.9090851647433893,0.41661032541631127,-0.922084804804119
434,-0.959491542162932,-0.2817374318719446,0.46767399750205874
435,-0.8800471940849206,-0.47488623499029536,-0.2723809319074397
436,0.360374965725181,-0.9328075278848121,0.2443528946854301
437,0.5077851878790192,-0.8614837218257053,-0.4006351062951363
438,0.4483809404298471,0.8938425657011675,0.3186150659014395
439,-0.8312741557490637,-0.5558626430906122,0.09462766291087932
440,0.9536695782091675,0.3008560047570074,0.1859854654895372
441,-0.5159654484944529,0.8566093952087602,-0.975375420850936
442,0.9994954808886938,-0.031761355183284205,-0.5270546633036441
443,0.26203763297839217,0.9650576557403612,-0.5793810861878248
444,-0.9789643106402837,0.20403156249118481,0.9864563774481607
445,0.929618014339,0.3685245546994322,0.40436673623149244
446,0.9995948587295498,-0.028462578966977396,-0.4333052580876935
447,-0.8785910695868013,0.477574844859233,0.2761509110972773
448,0.6466591896878189,-0.7627790587006787,-0.6659868058384444
449,-0.9869153870511826,-0.1612390114135356,-0.9664405416209567
450,-0.2163930537928722,0.9763063280908278,-0.34007116109573055
451,0.9091939816748261,-0.4163727941235786,0.23564382529484007
452,-0.9826416160753583,0.18551402738555411,0.7775935144084163
453,-0.761606562130532,-0.6480396936297282,0.31776046570845007
454,0.10515964365212378,-0.9944553531189615,0.2942985372871787
455,0.9916647056575183,-0.12884530085799614,0.18299728589518383
456,0.87931179424129,0.47624654172829767,0.4856255654051167
457,-0.8612310117162405,0.5082136799203861,-0.03842490074739846
458,0.05614631461886127,0.9984225515054835,-0.331826462801329
459,-0.013227907322874963,-0.9999125074064518,-0.09487840037674844
460,0.9166337802269455,0.39972804873671275,-0.2976925387184286
461,0.8837900016456641,-0.46788378150044596,-0.8086456603016126
462,0.9760286884775654,-0.21764190604927985,0.6635027522497821
463,0.6335470859725267,0.7737041358657195,-0.354474563468937
464,0.15197321846812475,0.9883846118128508,-0.1855262566914413
465,-0.21558564788311227,-0.9764849350741766,0.40289716863692515
466,0.7217772308821547,-0.6921254430954613,0.9009094814321812
467,0.07147477590093833,0.9974424075654246,0.8393446249581187
468,0.4723491878800589,-0.8814115070210105,-0.10418491831781362
469,-0.16734356440173473,-0.9858986415719024,0.2554170793073849
470,-0.9959959028746365,-0.08939888957329294,-0.13625974693075293
471,-0.9295805168158028,0.36861912966701155,0.10978148996534864
472,0.12653653394159672,-0.9919619476462024,0.18516409988756433
473,-0.9498746057385463,0.31263114587807966,-0.8221066894960471
474,0.9763401326509031,-0.21624048042680852,-0.1867409666364701
475,-0.18799327211743977,0.9821703160035831,0.14736870673979152
476,-0.967941817308652,-0.25117451762713516,0.6437202054129998
477,-0.8126859072611349,0.5827019959972216,0.42763539272491635
478,-0.187463017853482,0.9822716614752077,0.009204950923000332
479,0.9936646712567714,0.11238559114126896,-0.7222651534117619
480,0.06405308860883624,0.9979464924732531,-0.80650698296556
481,0.6656618063225404,-0.7462535491395754,0.5114995152434583
482,-0.3385783312564875,0.940938209237765,0.281149223844402
483,-0.7015247995791885,0.7126450417812359,0.10515306284349712
484,-0.9208657605955285,0.389879790400604,-0.4506810537410406
485,-0.5883310895560138,-0.8086201389168054,-0.21849337735251595
486,-0.9874748871989301,-0.15777625661505743,-0.18466235205726722
487,0.8330272509834041,0.5532319577889844,-0.06912699562004865
488,-0.06896107181785385,0.9976193515433293,-0.16817651534970213
489,-0.7025958947709715,-0.7115890728861552,-0.1083689797054288
490,-0.7285086787286893,-0.6850365720288074,-0.7916344114088194
491,-0.43459372924294043,0.9006266099237318,-0.4225597648793604
492,-0.956328841424084,-0.2922929131205016,0.1323736135273117
493,-0.3801643511798014,-0.9249189510935759,-0.455884264609977
494,0.8233131462861512,0.5675874057380049,-0.45199315166944953
495,0.8854486551283591,0.4647372151349407,0.293943353117339
496,0.9577544823157934,-0.2875871200245353,-0.30915448841037496
497,-0.42260279226020053,0.9063150004131465,0.1898317060277288
498,0.27218559440327517,-0.9622447724977963,0.27696529646741164
499,0.6519908170930949,-0.7582268621107263,-0.619536831880271
500,0.2100495101668885,-0.977690750328881,-0.16379457826615385
501,-0.4137071338714896,-0.9104100215748052,0.6433845094929058
502,0.039652563413459185,0.9992135278381401,0.714196181974909
503,0.3711073727271166,0.928589962204835,-0.27850104598849845
504,-0.7556946508423782,-0.6549241136866287,0.28999416812122547
505,-0.5721569810278243,-0.8201441270052026,0.11818562291954993
506,0.9419647106833552,-0.3357119059956362,0.6256323120109488
507,0.8290788475483418,0.559131705904712,-0.1904686936122233
508,0.5180166833629509,0.8553705137293711,-0.5565888103785805
509,-0.3347687967378925,0.9423002985941709,0.3756712157412805
510,0.8781323663624457,0.4784177537954579,0.6040455242729004
511,0.9948330531151378,0.101524363724248,0.5947798760886269
512,-0.6016481947158635,0.7987611969763819,0.9919308824222883
513,0.7904502739778239,0.6125262152499135,-0.41108878613973365
514,-0.48360429053096665,-0.8752867474034097,-0.03518617179486361
515,-0.9732377821493724,0.22980039033250285,0.8946210999226858
516,0.9152711019924297,-0.4028384413850835,0.0022071527539737623
517,0.4937019547521515,0.8696311746216925,-0.09162050144677192
518,-0.40176875609719304,-0.915741157000227,-0.5259748798011219
519,-0.9926992838901922,0.1206156364817578,0.4346437212728447
520,-0.912684105171308,-0.4086657854135194,0.6609675259449921
521,0.7973588512758168,-0.6035054782618877,-0.03191140258036196
522,0.4967152514151303,-0.8679135665557971,0.23734774339002795
523,-0.56164599514816,0.8273776502504965,0.887124684457467
524,0.9459164862497927,-0.3244102357214483,-0.5268846136429071
525,-0.5942299991888411,-0.8042951622781465,-0.4084848912134833
526,0.9688472243902866,0.24765915244795153,0.3333246319658032
527,-0.9805629068883452,-0.19620495823163683,-0.041179326936762406
528,0.630015659041809,-0.7765824292128396,-0.8430280948001803
529,0.07234949738892245,0.9973793411874793,-0.23379219147657215
530,0.6728280831945816,0.7397988716297864,0.7232247742436317
531,-0.8411769430876067,-0.5407599748666585,-0.6160320312613048
532,-0.846499109408916,0.5323901368075031,0.20164235507390327
533,-0.5912170108573205,-0.8065125207167803,-0.47238921899437925
534,-0.706322120889726,0.707890571728314,0.9069656208103978
535,0.7636064412563182,0.645681967280999,0.4478147453913912
536,0.7906602763298095,0.6122551162988099,-0.38668388603706805
537,0.9920751208656318,-0.1256461482077426,-0.09388177746157678
538,0.5685887587615286,-0.8226219200884598,0.44591761292003795
539,-0.7405902353385327,0.6719569207331796,-0.9059767940739076
540,0.1516583966064711,-0.9884329672460113,-0.8488896660268577
541,-0.4985680987482332,-0.8668505355080378,0.37335367592019275
542,0.9441433762443956,-0.3295349527650043,0.9021539436001786
543,-0.8796569760499456,-0.47560866737966967,0.7861380469790491
544,-0.9999104053663701,0.013385859705731301,0.6327993479172693
545,-0.9183085401685592,-0.3958654128027474,0.2835457592871633
546,-0.8117696239533598,-0.5839778057654423,0.9243501232067666
547,0.39024483381094943,-0.9207111217335568,-0.7898413207068635
548,-0.9418662270125825,-0.33598811052339683,-0.8987536218082901
549,0.2645177690951136,-0.9643808116262704,-0.6259922467968944
550,-0.9994418456592401,0.03340654344962454,0.7298503627979922
551,0.3835497953939228,0.9235201971008972,0.31925853093253753
552,0.9977828738162343,0.06655326227178286,-0.8072965290315373
553,-0.16567622755299505,-0.9861802003811515,0.14168533832205954
554,0.5237969372113167,-0.8518431596062997,0.7517579728478301
555,-0.8054130802623758,0.5927139024371469,0.44007434688162794
556,0.2836140968160938,-0.9589384985947699,0.5441372565572133
557,-0.9032699886387263,0.42907263676980745,-0.6677845801017568
558,0.08101417733299868,-0.9967129491839952,-0.39231593607428095
559,0.013920394982158066,-0.9999031066076056,-0.2690916510286987
560,0.9887864880881109,0.14933613418854835,0.7261124795616878
561,0.8402613491601445,-0.5421815794616909,-0.06807361574269977
562,0.09086928471829502,-0.9958628284531889,-0.2961935286226096
563,0.42860591511512897,-0.9034915436949716,-0.8781790353597352
564,0.05111947278763239,0.9986925450317102,-0.159114801369987
565,0.1257513058509976,-0.9920617970049894,0.8277311651519295
566,0.9535703948362318,-0.3011702211239899,0.4572133428781504
567,0.6162170441812214,-0.7875763800804076,0.3467002104858319
568,0.9992963676657479,-0.03750692696079502,-0.305008142044495
569,-0.23677715221499548,0.9715639866673511,0.05398183897955988
570,-0.876505708862781,0.48139146474667976,0.25294024008804983
571,-0.036718116385991505,0.9993256625990672,-0.12651543463998904
572,-0.0692769893187078,0.9975974632841322,-0.07151268614940243
573,-0.746791030188326,-0.66505876223854,-0.39793895761305387
574,0.2680379341257211,-0.9634083588331667,0.7197061026261484
575,-0.9691633252598479,0.24641925446538115,0.26752456377008293
576,-0.4796555237032592,-0.8774568813229241,0.06132286396818287
577,-0.5670583504143379,0.8236776233608449,-0.1844125570170485
578,-0.22053356132269417,-0.975379386869709,0.2185364178751279
579,-0.8192399304132619,-0.5734509014871925,0.704842566766636
580,0.7763610325717337,0.630288463407154,0.38954561387773445
581,-0.5664654275357638,0.8240855049123995,0.08619587516632676
582,-0.511790573736322,0.8591102424221506,-0.205588495972993
583,0.0439815643758506,0.9990323428173149,0.8823477779786832
584,0.4194528319272579,-0.9077771322236552,-0.8192930795514577
585,-0.3187656797711145,-0.9478335515268803,-0.2457134541934587
586,-0.009373032417810487,0.99995607216682,0.5824397084873483
587,0.32441223657292717,0.9459158000381171,-0.633047092815658
588,-0.5238083145699255,0.8518361635827713,-0.23680348667790252
589,-0.7307902632027257,0.6826020738381118,0.3320025666600026
590,-0.4044148975295753,0.9145756341911494,-0.5052867060456583
591,0.997796320583289,0.06635135741226639,0.04750538066231358
592,-0.7240358635265808,-0.6897623274196109,-0.48040107354244577
593,-0.7394322077234784,-0.6732310228897527,-0.9773070924901754
594,-0.007960003727806395,-0.9999683186684732,0.090546853990495
595,0.9166944567746734,0.39958887987353503,0.6029017747773617
596,0.28448489521608844,-0.9586805225902376,-0.006143980583789288
597,-0.377591627648982,0.9259722256792546,0.2116855378486393
598,0.9845054853909513,-0.17535378306477306,-0.633326326305859
599,0.9888653441855006,-0.14881307425388157,-0.09881002584468423
