ID,tf1,tf2,tf3,tf4,tf5,TargetToolFace,ModelTorP,ModelTorN,TorP,TorN,outtime
1,36.7,29.7,21.3,11.4,8.6,0,8850,-5850,9350,-5350,2021/1/14 11:32
2,52.2,36.7,29.7,21.3,11.4,30,8650,-6550,8850,-6350,2021/1/14 11:33
3,59.2,52.2,36.7,29.7,21.3,30,8650,-6550,8850,-6350,2021/1/14 11:33
4,63.4,59.2,52.2,36.7,29.7,30,8150,-7050,8650,-6550,2021/1/14 11:34
5,49.4,63.4,59.2,52.2,36.7,30,8150,-7050,8150,-7050,2021/1/14 11:35
6,42.3,49.4,63.4,59.2,52.2,30,8350,-6850,8150,-7050,2021/1/14 11:36
7,36.7,42.3,49.4,63.4,59.2,30,9350,-5350,8350,-6850,2021/1/14 11:36
8,28.3,36.7,42.3,49.4,63.4,30,9350,-5350,9350,-5350,2021/1/14 11:37
9,12.8,28.3,36.7,42.3,49.4,30,9550,-5350,9350,-5350,2021/1/14 11:39
10,8.6,12.8,28.3,36.7,42.3,30,9750,-5350,9550,-5350,2021/1/14 11:40
11,10,8.6,12.8,28.3,36.7,30,9950,-5350,9750,-5350,2021/1/14 11:41
12,11.4,10,8.6,12.8,28.3,30,10150,-5350,9950,-5350,2021/1/14 11:42
13,8.6,11.4,10,8.6,12.8,30,10350,-5350,10150,-5350,2021/1/14 11:42
14,10,8.6,11.4,10,8.6,30,10550,-5350,10350,-5350,2021/1/14 11:43
15,7.2,10,8.6,11.4,10,30,10750,-5350,10550,-5350,2021/1/14 11:44
16,3,7.2,10,8.6,11.4,30,10950,-5350,10750,-5350,2021/1/14 11:45
17,5.8,3,7.2,10,8.6,30,11150,-5350,10950,-5350,2021/1/14 11:46
18,43.8,5.8,3,7.2,10,30,10950,-5550,11150,-5350,2021/1/14 11:56
19,46.6,43.8,5.8,3,7.2,30,10950,-5550,11150,-5350,2021/1/14 11:56
20,46.6,46.6,43.8,5.8,3,30,10750,-5750,10950,-5550,2021/1/14 11:57
21,45.2,46.6,46.6,43.8,5.8,30,10750,-5750,10950,-5550,2021/1/14 11:58
22,48,45.2,46.6,46.6,43.8,30,10550,-5950,10750,-5750,2021/1/14 11:59
23,52.2,48,45.2,46.6,46.6,30,10350,-6150,10550,-5950,2021/1/14 12:00
24,55,52.2,48,45.2,46.6,30,10150,-6350,10350,-6150,2021/1/14 12:00
25,55,55,52.2,48,45.2,30,9300,-6550,9500,-6350,2021/1/14 12:01
26,56.4,55,55,52.2,48,30,8450,-6750,8650,-6550,2021/1/14 12:02
27,55,56.4,55,55,52.2,30,7150,-6950,7350,-6750,2021/1/14 12:04
28,59.2,55,56.4,55,55,30,9350,-5350,7150,-6950,2021/1/14 12:05
29,60.6,59.2,55,56.4,55,30,9350,-5350,7150,-6950,2021/1/14 12:06
30,59.2,60.6,59.2,55,56.4,30,7150,-6950,7150,-6950,2021/1/14 12:06
31,60.6,59.2,60.6,59.2,55,30,9350,-5350,7150,-6950,2021/1/14 12:07
32,59.2,60.6,59.2,60.6,59.2,30,9350,-5350,7150,-6950,2021/1/14 12:08
33,56.4,59.2,60.6,59.2,60.6,30,7150,-6950,7150,-6950,2021/1/14 12:09
34,57.8,56.4,59.2,60.6,59.2,30,7150,-6950,7150,-6950,2021/1/14 12:09
35,53.6,57.8,56.4,59.2,60.6,10,7150,-6950,7150,-6950,2021/1/14 12:10
36,48,53.6,57.8,56.4,59.2,10,7150,-6950,7150,-6950,2021/1/14 12:12
37,43.8,48,53.6,57.8,56.4,10,7150,-6950,7150,-6950,2021/1/14 12:13
38,42.3,43.8,48,53.6,57.8,10,7400,-6950,7400,-6950,2021/1/14 12:14
39,32.5,42.3,43.8,48,53.6,10,8200,-6750,8000,-6950,2021/1/14 12:14
40,36.7,32.5,42.3,43.8,48,10,8200,-6750,8200,-6750,2021/1/14 12:15
41,33.9,36.7,32.5,42.3,43.8,10,8000,-6950,8200,-6750,2021/1/14 12:16
42,32.5,33.9,36.7,32.5,42.3,10,7800,-7150,8000,-6950,2021/1/14 12:17
43,31.1,32.5,33.9,36.7,32.5,10,7800,-7150,7800,-7150,2021/1/14 12:18
44,29.7,31.1,32.5,33.9,36.7,10,7800,-7150,7800,-7150,2021/1/14 12:18
45,25.5,29.7,31.1,32.5,33.9,10,7800,-7150,7800,-7150,2021/1/14 12:20
46,22.7,25.5,29.7,31.1,32.5,10,8000,-6950,7800,-7150,2021/1/14 12:21
47,25.5,22.7,25.5,29.7,31.1,10,7800,-7150,8000,-6950,2021/1/14 12:22
48,25.5,25.5,22.7,25.5,29.7,10,7600,-7350,7800,-7150,2021/1/14 12:23
49,24.1,25.5,25.5,22.7,25.5,10,9350,-5350,7600,-7350,2021/1/14 12:23
50,22.7,24.1,25.5,25.5,22.7,10,9350,-5350,9350,-5350,2021/1/14 12:24
51,18.4,22.7,24.1,25.5,25.5,10,9350,-5350,9350,-5350,2021/1/14 12:25
52,19.8,18.4,22.7,24.1,25.5,10,9350,-5350,9350,-5350,2021/1/14 12:26
53,19.8,19.8,18.4,22.7,24.1,10,9350,-5350,9350,-5350,2021/1/14 12:27
54,14.2,19.8,19.8,18.4,22.7,10,9350,-5350,9350,-5350,2021/1/14 12:28
55,8.6,14.2,19.8,19.8,18.4,10,9350,-5350,9350,-5350,2021/1/14 12:29
56,8.6,8.6,14.2,19.8,19.8,10,9350,-5350,9350,-5350,2021/1/14 12:30
57,12.8,8.6,8.6,14.2,19.8,10,9350,-5350,9350,-5350,2021/1/14 12:31
58,14.2,12.8,8.6,8.6,14.2,10,9350,-5350,9350,-5350,2021/1/14 12:32
59,12.8,14.2,12.8,8.6,8.6,10,9350,-5350,9350,-5350,2021/1/14 12:32
60,8.6,12.8,14.2,12.8,8.6,10,9350,-5350,9350,-5350,2021/1/14 12:33
61,10,8.6,12.8,14.2,12.8,10,9350,-5350,9350,-5350,2021/1/14 12:34
62,7.2,10,8.6,12.8,14.2,10,9350,-5350,9350,-5350,2021/1/14 12:35
63,4.4,7.2,10,8.6,12.8,10,9350,-5350,9350,-5350,2021/1/14 12:37
64,10,4.4,7.2,10,8.6,10,9350,-5350,9350,-5350,2021/1/14 12:37
65,11.4,10,4.4,7.2,10,10,9350,-5350,9350,-5350,2021/1/14 12:38
66,8.6,11.4,10,4.4,7.2,10,9350,-5350,9350,-5350,2021/1/14 12:39
67,7.2,8.6,11.4,10,4.4,10,9350,-5350,9350,-5350,2021/1/14 12:40
68,5.8,7.2,8.6,11.4,10,90,9850,-5350,9350,-5350,2021/1/14 12:41
69,5.8,5.8,7.2,8.6,11.4,90,10350,-5350,9850,-5350,2021/1/14 12:41
70,8.6,5.8,5.8,7.2,8.6,10,9350,-5350,9850,-5350,2021/1/14 12:42
71,8.6,8.6,5.8,5.8,7.2,90,9850,-5350,9350,-5350,2021/1/14 12:43
72,8.6,8.6,8.6,5.8,5.8,90,10350,-5350,9850,-5350,2021/1/14 12:45
73,10,8.6,8.6,8.6,5.8,180,11350,-5350,10350,-5350,2021/1/14 12:46
74,25.5,22.7,21.3,14.2,15.6,10,11150,-5550,11350,-5350,2021/1/14 12:59
75,26.9,25.5,22.7,21.3,14.2,10,10950,-5750,11150,-5550,2021/1/14 13:01
76,29.7,26.9,25.5,22.7,21.3,10,10750,-5950,10950,-5750,2021/1/14 13:02
77,32.5,29.7,26.9,25.5,22.7,10,10550,-6150,10750,-5950,2021/1/14 13:03
78,32.5,32.5,29.7,26.9,25.5,10,10350,-6350,10550,-6150,2021/1/14 13:04
79,32.5,32.5,32.5,29.7,26.9,10,10150,-6550,10350,-6350,2021/1/14 13:04
80,38.1,32.5,32.5,32.5,29.7,10,9950,-6750,10150,-6550,2021/1/14 13:05
81,42.3,38.1,32.5,32.5,32.5,10,9450,-7250,9950,-6750,2021/1/14 13:06
82,40.9,42.3,38.1,32.5,32.5,10,8950,-7750,9450,-7250,2021/1/14 13:07
83,38.1,40.9,42.3,38.1,32.5,10,8750,-7950,8950,-7750,2021/1/14 13:08
84,42.3,38.1,40.9,42.3,38.1,10,11350,-5350,8750,-7950,2021/1/14 13:10
85,36.7,42.3,38.1,40.9,42.3,10,8750,-7950,8750,-7950,2021/1/14 13:10
86,35.3,36.7,42.3,38.1,40.9,10,8750,-7950,8750,-7950,2021/1/14 13:11
87,31.1,35.3,36.7,42.3,38.1,10,8950,-7750,8750,-7950,2021/1/14 13:12
88,40.9,31.1,35.3,36.7,42.3,10,8450,-8250,8950,-7750,2021/1/14 13:13
89,35.3,40.9,31.1,35.3,36.7,10,11350,-5350,8450,-8250,2021/1/14 13:13
90,38.1,35.3,40.9,31.1,35.3,10,11350,-5350,11350,-5350,2021/1/14 13:14
91,38.1,38.1,35.3,40.9,31.1,10,11150,-5550,11350,-5350,2021/1/14 13:15
92,35.3,38.1,38.1,35.3,40.9,10,10950,-5750,11150,-5550,2021/1/14 13:16
93,33.9,35.3,38.1,38.1,35.3,10,10950,-5750,10950,-5750,2021/1/14 13:18
94,35.3,33.9,35.3,38.1,38.1,10,10750,-5950,10950,-5750,2021/1/14 13:18
95,35.3,35.3,33.9,35.3,38.1,10,10550,-6150,10750,-5950,2021/1/14 13:19
96,29.7,35.3,35.3,33.9,35.3,10,10550,-6150,10550,-6150,2021/1/14 13:20
97,33.9,29.7,35.3,35.3,33.9,10,10350,-6350,10550,-6150,2021/1/14 13:21
98,33.9,33.9,29.7,35.3,35.3,10,10350,-6350,10550,-6150,2021/1/14 13:22
99,33.9,33.9,33.9,29.7,35.3,10,10350,-6350,10350,-6350,2021/1/14 13:22
100,31.1,33.9,33.9,33.9,29.7,10,10350,-6350,10350,-6350,2021/1/14 13:23
101,17,31.1,33.9,33.9,33.9,10,11350,-5350,10350,-6350,2021/1/14 13:24
102,35.3,17,31.1,33.9,33.9,10,10150,-6550,10350,-6350,2021/1/14 13:26
103,32.5,35.3,17,31.1,33.9,10,9950,-6750,10150,-6550,2021/1/14 13:27
104,31.1,32.5,35.3,17,31.1,10,10150,-6550,9950,-6750,2021/1/14 13:27
105,12.8,31.1,32.5,35.3,17,10,11350,-5350,10150,-6550,2021/1/14 13:28
106,7.2,12.8,31.1,32.5,35.3,10,11350,-5350,11200,-5350,2021/1/14 13:29
107,11.4,7.2,12.8,31.1,32.5,10,11350,-5350,11250,-5350,2021/1/14 13:30
108,7.2,11.4,7.2,12.8,31.1,10,11350,-5350,11350,-5350,2021/1/14 13:31
109,21.3,7.2,11.4,7.2,12.8,10,11150,-5550,11350,-5350,2021/1/14 13:31
110,8.6,21.3,7.2,11.4,7.2,10,11350,-5350,11150,-5550,2021/1/14 13:32
111,3,8.6,21.3,7.2,11.4,10,11350,-5350,11150,-5550,2021/1/14 13:34
112,5.8,3,8.6,21.3,7.2,10,11350,-5350,11300,-5550,2021/1/14 13:35
113,7.2,5.8,3,8.6,21.3,10,11350,-5350,11300,-5550,2021/1/14 13:36
114,0.2,7.2,5.8,3,8.6,10,11350,-5350,11300,-5550,2021/1/14 13:36
115,1.6,0.2,7.2,5.8,3,10,11350,-5350,11350,-5350,2021/1/14 13:37
116,3,1.6,0.2,7.2,5.8,10,11350,-5350,11350,-5350,2021/1/14 13:38
117,1.6,3,1.6,0.2,7.2,10,11350,-5350,11350,-5350,2021/1/14 13:39
118,0.2,1.6,3,1.6,0.2,10,11350,-5350,11350,-5350,2021/1/14 13:40
119,3,0.2,1.6,3,1.6,10,11350,-5350,11500,-5350,2021/1/14 13:40
120,4.4,3,0.2,1.6,3,10,11350,-5350,11500,-5350,2021/1/14 13:42
121,5.8,4.4,3,0.2,1.6,10,11350,-5350,11500,-5350,2021/1/14 13:43
122,0.2,5.8,4.4,3,0.2,10,11350,-5350,11500,-5350,2021/1/14 13:44
123,358.8,0.2,5.8,4.4,3,10,11900,-5350,11700,-5350,2021/1/14 13:45
124,0.2,358.8,0.2,5.8,4.4,10,11350,-5350,11900,-5350,2021/1/14 13:45
125,7.2,0.2,358.8,0.2,5.8,10,11350,-5350,11650,-5350,2021/1/14 13:46
126,5.8,7.2,0.2,358.8,0.2,10,11350,-5350,11550,-5350,2021/1/14 13:47
127,1.6,5.8,7.2,0.2,358.8,10,11350,-5350,11550,-5350,2021/1/14 13:48
128,353.1,1.6,5.8,7.2,0.2,10,11800,-5350,11600,-5350,2021/1/14 13:49
129,7.2,353.1,1.6,5.8,7.2,10,11350,-5350,11800,-5350,2021/1/14 13:51
130,5.8,7.2,353.1,1.6,5.8,10,11350,-5350,11800,-5350,2021/1/14 13:51
131,19.8,5.8,7.2,353.1,1.6,10,11600,-5550,11800,-5350,2021/1/14 13:52
132,5.8,19.8,5.8,7.2,353.1,10,11350,-5350,11600,-5550,2021/1/14 13:53
133,8.6,5.8,19.8,5.8,7.2,10,11350,-5350,11600,-5550,2021/1/14 13:54
134,4.4,8.6,5.8,19.8,5.8,10,11350,-5350,11600,-5550,2021/1/14 13:54
135,7.2,4.4,8.6,5.8,19.8,15,11350,-5350,11600,-5550,2021/1/14 13:55
136,8.6,7.2,4.4,8.6,5.8,15,11350,-5350,11600,-5550,2021/1/14 13:56
137,8.6,8.6,7.2,4.4,8.6,15,11350,-5350,11600,-5550,2021/1/14 13:57
138,358.8,8.6,8.6,7.2,4.4,15,11800,-5550,11600,-5550,2021/1/14 13:59
139,7.2,358.8,8.6,8.6,7.2,15,11350,-5350,11700,-5550,2021/1/14 13:59
140,4.4,7.2,358.8,8.6,8.6,15,11700,-5550,11700,-5550,2021/1/14 14:00
141,1.6,4.4,7.2,358.8,8.6,15,11900,-5550,11700,-5550,2021/1/14 14:01
142,5.8,1.6,4.4,7.2,358.8,17,12000,-5550,11800,-5550,2021/1/14 14:02
143,1.6,5.8,1.6,4.4,7.2,15,12000,-5550,11800,-5550,2021/1/14 14:03
144,357.3,1.6,5.8,1.6,4.4,15,12100,-5550,11900,-5550,2021/1/14 14:03
145,1.6,357.3,1.6,5.8,1.6,15,12200,-5550,12000,-5550,2021/1/14 14:04
146,1.6,1.6,357.3,1.6,5.8,15,12200,-5550,12000,-5550,2021/1/14 14:05
147,7.2,1.6,1.6,357.3,1.6,15,11350,-5350,12000,-5550,2021/1/14 14:07
148,10,7.2,1.6,1.6,357.3,15,11350,-5350,12000,-5550,2021/1/14 14:08
149,19.8,10,7.2,1.6,1.6,15,11350,-5350,11350,-5350,2021/1/14 14:09
150,10,19.8,10,7.2,1.6,15,11350,-5350,11350,-5350,2021/1/14 14:09
151,8.6,10,19.8,10,7.2,15,11350,-5350,11350,-5350,2021/1/14 14:10
152,12.8,8.6,10,19.8,10,15,11350,-5350,11350,-5350,2021/1/14 14:11
153,10,12.8,8.6,10,19.8,15,11350,-5350,11350,-5350,2021/1/14 14:12
154,12.8,10,12.8,8.6,10,15,11350,-5350,11350,-5350,2021/1/14 14:12
155,15.6,12.8,10,12.8,8.6,15,11350,-5350,11350,-5350,2021/1/14 14:13
156,12.8,15.6,12.8,10,12.8,15,11350,-5350,11350,-5350,2021/1/14 14:15
157,17,12.8,15.6,12.8,10,15,11350,-5350,11350,-5350,2021/1/14 14:16
158,10,17,12.8,15.6,12.8,15,11350,-5350,11350,-5350,2021/1/14 14:17
159,17,10,17,12.8,15.6,15,11350,-5350,11350,-5350,2021/1/14 14:18
160,14.2,17,10,17,12.8,15,11350,-5350,11350,-5350,2021/1/14 14:18
161,15.6,14.2,17,10,17,15,11350,-5350,11350,-5350,2021/1/14 14:19
162,24.1,18.4,14.2,21.3,15.6,15,11350,-5350,11000,-5350,2021/1/14 14:26
163,21.3,24.1,18.4,14.2,21.3,10,11150,-5550,11350,-5350,2021/1/14 14:26
164,21.3,21.3,24.1,18.4,14.2,10,9800,-5750,10000,-5550,2021/1/14 14:27
165,22.7,21.3,21.3,24.1,18.4,10,9600,-5950,9800,-5750,2021/1/14 14:28
166,19.8,22.7,21.3,21.3,24.1,10,11350,-5350,9600,-5950,2021/1/14 14:29
167,19.8,19.8,22.7,21.3,21.3,10,11350,-5350,9600,-5950,2021/1/14 14:30
168,18.4,19.8,19.8,22.7,21.3,10,11350,-5350,9600,-5950,2021/1/14 14:31
169,19.8,18.4,19.8,19.8,22.7,10,11350,-5350,9600,-5950,2021/1/14 14:32
170,22.7,19.8,18.4,19.8,19.8,10,9400,-6150,9600,-5950,2021/1/14 14:33
171,25.5,22.7,19.8,18.4,19.8,10,9200,-6350,9400,-6150,2021/1/14 14:34
172,17,25.5,22.7,19.8,18.4,10,11350,-5350,9400,-6150,2021/1/14 14:35
173,25.5,17,25.5,22.7,19.8,10,9200,-6350,9400,-6150,2021/1/14 14:35
174,17,25.5,17,25.5,22.7,10,11350,-5350,9200,-6350,2021/1/14 14:36
175,22.7,17,25.5,17,25.5,10,9000,-5350,9000,-5350,2021/1/14 14:37
176,21.3,22.7,17,25.5,17,10,8800,-5550,9000,-5350,2021/1/14 14:38
177,15.6,21.3,22.7,17,25.5,10,11350,-5350,8800,-5550,2021/1/14 14:40
178,40.9,19.8,15.6,21.3,22.7,10,8300,-6050,8800,-5550,2021/1/14 14:41
179,289.8,315.2,318,303.9,270.2,10,9800,-5550,9300,-5550,2021/1/14 15:17
180,273,289.8,315.2,318,303.9,10,11300,-5050,10300,-5050,2021/1/14 15:18
181,258.9,273,289.8,315.2,318,10,11300,-5050,10300,-5050,2021/1/14 15:19
182,251.9,258.9,273,289.8,315.2,10,11800,-5050,10800,-5050,2021/1/14 15:20
183,242,251.9,258.9,273,289.8,10,13300,-4550,12300,-4550,2021/1/14 15:20
184,235,242,251.9,258.9,273,10,14300,-4550,13300,-4550,2021/1/14 15:21
185,229.4,235,242,251.9,258.9,10,15800,-4550,14800,-4550,2021/1/14 15:22
186,220.9,229.4,235,242,251.9,10,9300,-4550,15800,-4550,2021/1/14 15:23
187,257.5,254.7,254.7,249.1,239.2,10,11800,-4550,10800,-4550,2021/1/14 15:30
188,7.2,12.8,11.4,10,11.4,10,10000,-4550,10000,-4550,2021/1/14 15:43
189,5.8,7.2,12.8,11.4,10,10,10000,-4550,10000,-4550,2021/1/14 15:44
190,4.4,5.8,7.2,12.8,11.4,10,10000,-4550,10500,-4550,2021/1/14 15:45
191,1.6,4.4,5.8,7.2,12.8,10,10000,-4550,10500,-4050,2021/1/14 15:46
192,355.9,1.6,4.4,5.8,7.2,10,11700,-4050,11500,-4050,2021/1/14 15:47
193,355.9,355.9,1.6,4.4,5.8,10,12400,-3550,12200,-3550,2021/1/14 15:47
194,351.7,355.9,355.9,1.6,4.4,10,12600,-3550,12400,-3550,2021/1/14 15:48
195,347.5,351.7,355.9,355.9,1.6,10,13300,-3550,13100,-3550,2021/1/14 15:50
196,344.7,347.5,351.7,355.9,355.9,10,13300,-3550,13100,-3550,2021/1/14 15:51
197,344.7,344.7,347.5,351.7,355.9,10,13500,-3550,13300,-3550,2021/1/14 15:52
198,355.9,344.7,344.7,347.5,351.7,10,13300,-3750,13500,-3550,2021/1/14 15:52
199,1.6,355.9,344.7,344.7,347.5,10,10000,-4550,13300,-3750,2021/1/14 15:53
200,4.4,1.6,355.9,344.7,344.7,10,10000,-4550,12800,-4550,2021/1/14 15:54
201,7.2,4.4,1.6,355.9,344.7,10,10000,-4550,10000,-4550,2021/1/14 15:55
202,10,7.2,4.4,1.6,355.9,10,10000,-4550,10000,-4550,2021/1/14 15:56
203,12.8,10,7.2,4.4,1.6,10,10000,-4550,10000,-4550,2021/1/14 15:56
204,21.3,12.8,10,7.2,4.4,10,10800,-4750,11000,-4550,2021/1/14 15:58
205,22.7,21.3,12.8,10,7.2,10,10100,-4950,10300,-4750,2021/1/14 15:59
206,26.9,22.7,21.3,12.8,10,10,10100,-4950,10300,-4750,2021/1/14 16:00
207,31.1,26.9,22.7,21.3,12.8,10,9600,-4950,9800,-4750,2021/1/14 16:01
208,35.3,31.1,26.9,22.7,21.3,10,8900,-5150,9100,-4950,2021/1/14 16:01
209,38.1,35.3,31.1,26.9,22.7,10,8700,-5350,8900,-5150,2021/1/14 16:02
210,40.9,38.1,35.3,31.1,26.9,10,7700,-5850,8200,-5350,2021/1/14 16:03
211,40.9,40.9,38.1,35.3,31.1,10,7200,-6350,7700,-5850,2021/1/14 16:04
212,43.8,40.9,40.9,38.1,35.3,10,10000,-4550,7200,-6350,2021/1/14 16:05
213,46.6,43.8,40.9,40.9,38.1,10,10000,-4550,7000,-6500,2021/1/14 16:07
214,50.8,46.6,43.8,40.9,40.9,10,8000,-6000,8500,-5500,2021/1/14 16:07
215,350.3,357.3,0,3,5.8,10,10200,-5000,10000,-5000,2021/1/14 16:48
216,347.5,350.3,357.3,0,3,10,12250,-5000,12050,-5000,2021/1/14 16:48
217,344.7,347.5,350.3,357.3,0,10,12450,-5000,12250,-5000,2021/1/14 16:49
218,339.1,344.7,347.5,350.3,357.3,10,12650,-5000,12450,-5000,2021/1/14 16:50
219,337.7,339.1,344.7,347.5,350.3,10,12950,-5000,12450,-5000,2021/1/14 16:51
220,334.8,337.7,339.1,344.7,347.5,10,13450,-5000,12950,-5000,2021/1/14 16:52
221,332,334.8,337.7,339.1,344.7,10,13950,-4850,13450,-4850,2021/1/14 16:52
222,330.6,332,334.8,337.7,339.1,10,14450,-4850,13950,-4850,2021/1/14 16:53
223,329.2,330.6,332,334.8,337.7,10,14950,-4850,14450,-4850,2021/1/14 16:54
224,326.4,329.2,330.6,332,334.8,10,15450,-4850,14950,-4850,2021/1/14 16:56
225,329.2,326.4,329.2,330.6,332,10,15950,-4600,15450,-4600,2021/1/14 16:57
226,333.4,329.2,326.4,329.2,330.6,10,15950,-4600,15450,-4600,2021/1/14 16:57
227,336.2,333.4,329.2,326.4,329.2,10,15450,-4600,15450,-4600,2021/1/14 16:58
228,339.1,336.2,333.4,329.2,326.4,10,14950,-4800,15150,-4600,2021/1/14 16:59
229,344.7,339.1,336.2,333.4,329.2,10,11800,-4800,12000,-4600,2021/1/14 17:00
230,353.1,344.7,339.1,336.2,333.4,10,11200,-6200,11400,-6000,2021/1/14 17:01
231,357.3,353.1,344.7,339.1,336.2,10,11200,-6200,11400,-6000,2021/1/14 17:01
232,5.8,357.3,353.1,344.7,339.1,10,10000,-5000,9900,-6000,2021/1/14 17:02
233,22.7,5.8,357.3,353.1,344.7,10,9700,-6200,9900,-6000,2021/1/14 17:04
234,24.1,22.7,5.8,357.3,353.1,10,8400,-6400,8600,-6200,2021/1/14 17:05
235,32.5,24.1,22.7,5.8,357.3,10,8400,-6400,8600,-6200,2021/1/14 17:06
236,312.3,310.9,315.2,316.6,316.6,12,12700,-6000,12200,-6000,2021/1/14 17:57
237,309.5,312.3,310.9,315.2,316.6,19,12700,-6000,12200,-6000,2021/1/14 17:58
238,309.5,309.5,312.3,310.9,315.2,19,13800,-6000,13300,-6000,2021/1/14 17:59
239,308.1,309.5,309.5,312.3,310.9,19,13800,-6000,13300,-6000,2021/1/14 18:00
240,305.3,308.1,309.5,309.5,312.3,19,13950,-6000,13450,-6000,2021/1/14 18:01
241,308.1,305.3,308.1,309.5,309.5,19,14450,-6000,13950,-6000,2021/1/14 18:02
242,303.9,308.1,305.3,308.1,309.5,19,14950,-6000,14450,-6000,2021/1/14 18:03
243,303.9,303.9,308.1,305.3,308.1,19,15450,-6000,14950,-6000,2021/1/14 18:04
244,305.3,303.9,303.9,308.1,305.3,19,15450,-6000,14950,-6000,2021/1/14 18:05
245,306.7,305.3,303.9,303.9,308.1,19,15950,-6000,15450,-6000,2021/1/14 18:05
246,306.7,306.7,305.3,303.9,303.9,19,12200,-6000,15950,-6000,2021/1/14 18:06
247,306.7,306.7,306.7,305.3,303.9,19,12200,-6000,15950,-6000,2021/1/14 18:07
248,308.1,306.7,306.7,306.7,305.3,19,12200,-6000,15950,-6000,2021/1/14 18:08
249,315.2,308.1,306.7,306.7,306.7,19,15950,-6000,15950,-6000,2021/1/14 18:10
250,319.4,315.2,308.1,306.7,306.7,19,15950,-6000,15950,-6000,2021/1/14 18:10
251,325,319.4,315.2,308.1,306.7,19,10000,-6500,11000,-6000,2021/1/14 18:11
252,330.6,325,319.4,315.2,308.1,19,10000,-6500,11000,-6000,2021/1/14 18:12
253,333.4,330.6,325,319.4,315.2,19,11000,-6000,11000,-6000,2021/1/14 18:13
254,343.3,333.4,330.6,325,319.4,19,10000,-6500,11000,-6000,2021/1/14 18:13
255,346.1,343.3,333.4,330.6,325,19,7700,-6500,7700,-6500,2021/1/14 18:14
256,351.7,346.1,343.3,333.4,330.6,19,7500,-6700,7700,-6500,2021/1/14 18:15
257,354.5,351.7,346.1,343.3,333.4,19,7200,-6700,7400,-6500,2021/1/14 18:16
258,3,354.5,351.7,346.1,343.3,19,7000,-6900,7200,-6700,2021/1/14 18:18
259,7.2,3,354.5,351.7,346.1,19,6800,-6100,7000,-5900,2021/1/14 18:18
260,10,7.2,3,354.5,351.7,19,12200,-6000,6150,-7000,2021/1/14 18:19
261,14.2,10,7.2,3,354.5,19,12200,-6000,6150,-7000,2021/1/14 18:20
262,15.6,14.2,10,7.2,3,19,12200,-6000,6350,-7150,2021/1/14 18:21
263,19.8,15.6,14.2,10,7.2,19,12200,-6000,7550,-6650,2021/1/14 18:22
264,19.8,19.8,15.6,14.2,10,19,12200,-6000,6900,-6900,2021/1/14 18:22
265,21.3,19.8,19.8,15.6,14.2,19,12200,-6000,6900,-6600,2021/1/14 18:23
266,25.5,21.3,19.8,19.8,15.6,19,12200,-6000,6900,-6600,2021/1/14 18:24
267,21.3,25.5,21.3,19.8,19.8,19,12200,-6000,6900,-7500,2021/1/14 18:26
268,19.8,21.3,25.5,21.3,19.8,19,12200,-6000,7100,-6200,2021/1/14 18:27
269,19.8,19.8,21.3,25.5,21.3,19,12200,-6000,7100,-6200,2021/1/14 18:28
270,21.3,19.8,19.8,21.3,25.5,19,12200,-6000,7100,-6200,2021/1/14 18:28
271,18.4,21.3,19.8,19.8,21.3,19,12200,-6000,7100,-6200,2021/1/14 18:29
272,17,18.4,21.3,19.8,19.8,19,12200,-6000,7350,-5850,2021/1/14 18:30
273,15.6,17,18.4,21.3,19.8,19,12200,-6000,7500,-5850,2021/1/14 18:31
274,10,15.6,17,18.4,21.3,19,12200,-6000,7500,-4950,2021/1/14 18:32
275,7.2,10,15.6,17,18.4,19,10750,-4900,10550,-4900,2021/1/14 18:32
276,0.2,7.2,10,15.6,17,19,11550,-4800,11350,-4800,2021/1/14 18:34
277,357.3,0.2,7.2,10,15.6,19,11800,-4200,11600,-4200,2021/1/14 18:35
278,354.5,357.3,0.2,7.2,10,19,12400,-4200,12200,-4200,2021/1/14 18:36
279,354.5,354.5,357.3,0.2,7.2,19,12600,-3750,12400,-3750,2021/1/14 18:37
280,353.1,354.5,354.5,357.3,0.2,19,12800,-3750,12600,-3750,2021/1/14 18:37
281,350.3,353.1,354.5,354.5,357.3,19,13000,-3550,12800,-3550,2021/1/14 18:38
282,350.3,350.3,353.1,354.5,354.5,19,13200,-3550,13000,-3550,2021/1/14 18:39
283,347.5,350.3,350.3,353.1,354.5,19,13500,-3550,13000,-3550,2021/1/14 18:40
284,348.9,347.5,350.3,350.3,353.1,19,13700,-3550,13500,-3550,2021/1/14 18:40
285,346.1,348.9,347.5,350.3,350.3,19,14000,-3550,13500,-3550,2021/1/14 18:42
286,348.9,346.1,348.9,347.5,350.3,19,14200,-3550,14000,-3550,2021/1/14 18:43
287,351.7,348.9,346.1,348.9,347.5,19,14400,-3550,14200,-3550,2021/1/14 18:44
288,351.7,351.7,348.9,346.1,348.9,19,14200,-3550,14200,-3550,2021/1/14 18:45
289,355.9,351.7,351.7,348.9,346.1,19,14000,-3750,14200,-3550,2021/1/14 18:46
290,1.6,355.9,351.7,351.7,348.9,19,14200,-3550,14200,-3550,2021/1/14 18:46
291,4.4,1.6,355.9,351.7,351.7,19,11050,-3750,11250,-3550,2021/1/14 18:47
292,4.4,4.4,1.6,355.9,351.7,19,11100,-4050,11100,-4050,2021/1/14 18:48
293,11.4,4.4,4.4,1.6,355.9,19,12200,-6000,12150,-4050,2021/1/14 18:49
294,26.9,11.4,4.4,4.4,1.6,19,12200,-6000,10450,-5250,2021/1/14 18:51
295,29.7,26.9,11.4,4.4,4.4,19,9050,-6600,9250,-6400,2021/1/14 18:51
296,31.1,29.7,26.9,11.4,4.4,19,8950,-6600,9150,-6400,2021/1/14 18:52
297,35.3,31.1,29.7,26.9,11.4,19,8950,-6600,9150,-6400,2021/1/14 18:53
298,36.7,35.3,31.1,29.7,26.9,19,8950,-6600,9150,-6400,2021/1/14 18:54
299,40.9,36.7,35.3,31.1,29.7,19,8950,-6600,9150,-6400,2021/1/14 18:55
300,38.1,40.9,36.7,35.3,31.1,19,8950,-6600,9150,-6400,2021/1/14 18:59
301,36.7,38.1,40.9,36.7,35.3,19,8950,-6600,9150,-6400,2021/1/14 19:00
302,35.3,36.7,38.1,40.9,36.7,19,9150,-6400,9150,-6400,2021/1/14 19:00
303,38.1,35.3,36.7,38.1,40.9,19,8950,-6600,9150,-6400,2021/1/14 19:01
304,38.1,38.1,35.3,36.7,38.1,19,8950,-6600,9150,-6400,2021/1/14 19:02
305,36.7,38.1,38.1,35.3,36.7,19,8950,-6600,9150,-6400,2021/1/14 19:03
306,50.8,36.7,38.1,38.1,35.3,19,8650,-6900,9150,-6400,2021/1/14 19:04
307,53.6,50.8,36.7,38.1,38.1,19,8650,-6900,9150,-6400,2021/1/14 19:04
308,77.5,53.6,50.8,36.7,38.1,19,8650,-6900,9150,-6400,2021/1/14 19:09
309,223.8,77.5,53.6,50.8,36.7,19,8150,-6900,9150,-6400,2021/1/14 19:10
310,320.8,223.8,77.5,53.6,50.8,19,9650,-6400,9150,-6400,2021/1/14 19:13
311,336.2,320.8,223.8,77.5,53.6,19,8150,-6900,9150,-6400,2021/1/14 19:14
312,351.7,336.2,320.8,223.8,77.5,19,8950,-6250,9150,-6050,2021/1/14 19:15
313,35.3,351.7,336.2,320.8,223.8,19,8950,-6300,9150,-6100,2021/1/14 19:16
314,33.9,35.3,351.7,336.2,320.8,19,7600,-7550,7800,-7350,2021/1/14 19:16
315,35.3,33.9,35.3,351.7,336.2,19,7700,-6700,7900,-6500,2021/1/14 19:17
316,26.9,35.3,33.9,35.3,351.7,19,12200,-6000,7900,-6500,2021/1/14 19:18
317,26.9,26.9,35.3,33.9,35.3,19,12200,-6000,9300,-5800,2021/1/14 19:19
318,22.7,26.9,26.9,35.3,33.9,19,12200,-6000,9300,-5800,2021/1/14 19:20
319,5.8,22.7,26.9,26.9,35.3,19,9500,-5800,9300,-5800,2021/1/14 19:22
320,1.6,5.8,22.7,26.9,26.9,19,9500,-5800,9300,-5800,2021/1/14 19:22
321,354.5,1.6,5.8,22.7,26.9,19,9500,-5800,9300,-5800,2021/1/14 19:23
322,347.5,354.5,1.6,5.8,22.7,19,9800,-5800,9300,-5800,2021/1/14 19:24
323,343.3,347.5,354.5,1.6,5.8,19,10000,-5800,9500,-5800,2021/1/14 19:25
324,339.1,343.3,347.5,354.5,1.6,19,11350,-5350,10850,-5350,2021/1/14 19:26
325,334.8,339.1,343.3,347.5,354.5,19,11550,-5350,11050,-5350,2021/1/14 19:26
326,330.6,334.8,339.1,343.3,347.5,19,11550,-5350,11050,-5350,2021/1/14 19:27
327,329.2,330.6,334.8,339.1,343.3,19,11550,-5350,11050,-5350,2021/1/14 19:28
328,326.4,329.2,330.6,334.8,339.1,19,12400,-5350,11900,-5350,2021/1/14 19:30
329,325,326.4,329.2,330.6,334.8,19,12900,-5350,12400,-5350,2021/1/14 19:30
330,322.2,325,326.4,329.2,330.6,19,13400,-5350,12900,-5350,2021/1/14 19:31
331,323.6,322.2,325,326.4,329.2,19,13400,-5350,12900,-5350,2021/1/14 19:32
332,319.4,323.6,322.2,325,326.4,19,13400,-5350,12900,-5350,2021/1/14 19:33
333,319.4,319.4,323.6,322.2,325,19,13400,-5350,12900,-5350,2021/1/14 19:34
334,316.6,319.4,319.4,323.6,322.2,19,13400,-5350,12900,-5350,2021/1/14 19:34
335,316.6,316.6,319.4,319.4,323.6,19,13500,-5350,13000,-5350,2021/1/14 19:35
336,315.2,316.6,316.6,319.4,319.4,19,13500,-5350,13000,-5350,2021/1/14 19:36
337,318,315.2,316.6,316.6,319.4,19,13500,-5000,13000,-5000,2021/1/14 19:38
338,318,318,315.2,316.6,316.6,19,13500,-5000,13000,-5000,2021/1/14 19:39
339,316.6,318,318,315.2,316.6,19,13500,-5000,13000,-5000,2021/1/14 19:39
340,318,316.6,318,318,315.2,19,13500,-5000,13000,-5000,2021/1/14 19:40
341,319.4,318,316.6,318,318,19,13500,-5000,13000,-5000,2021/1/14 19:41
342,322.2,319.4,318,316.6,318,19,13000,-5000,13000,-5000,2021/1/14 19:42
343,323.6,322.2,319.4,318,316.6,19,13000,-5000,13000,-5000,2021/1/14 19:43
344,322.2,323.6,322.2,319.4,318,19,13500,-5000,13000,-5000,2021/1/14 19:43
345,323.6,322.2,323.6,322.2,319.4,19,13500,-5000,13000,-5000,2021/1/14 19:44
346,326.4,323.6,322.2,323.6,322.2,19,13500,-5000,13000,-5000,2021/1/14 19:46
347,327.8,326.4,323.6,322.2,323.6,19,13000,-5000,13000,-5000,2021/1/14 19:47
348,329.2,327.8,326.4,323.6,322.2,19,13000,-5000,13000,-5000,2021/1/14 19:48
349,329.2,329.2,327.8,326.4,323.6,19,13500,-5000,13000,-5000,2021/1/14 19:49
350,332,329.2,329.2,327.8,326.4,19,13500,-5000,13000,-5000,2021/1/14 19:49
351,333.4,332,329.2,329.2,327.8,19,13500,-5000,13000,-5000,2021/1/14 19:50
352,333.4,333.4,332,329.2,329.2,19,13500,-5000,13000,-5000,2021/1/14 19:51
353,333.4,333.4,333.4,332,329.2,19,13500,-5000,13000,-5000,2021/1/14 19:52
354,337.7,333.4,333.4,333.4,332,19,13500,-5000,13000,-5000,2021/1/14 19:52
355,340.5,337.7,333.4,333.4,333.4,19,13000,-5000,13000,-5000,2021/1/14 19:54
356,344.7,340.5,337.7,333.4,333.4,19,12850,-5000,12850,-5000,2021/1/14 19:55
357,347.5,344.7,340.5,337.7,333.4,19,10000,-5000,10000,-5000,2021/1/14 19:56
358,347.5,347.5,344.7,340.5,337.7,19,10000,-6000,10000,-6000,2021/1/14 19:57
359,348.9,347.5,347.5,344.7,340.5,19,10000,-6000,10000,-6000,2021/1/14 19:57
360,354.5,348.9,347.5,347.5,344.7,19,9800,-6200,10000,-6000,2021/1/14 19:58
361,350.3,354.5,348.9,347.5,347.5,19,8200,-6000,8000,-6000,2021/1/14 19:59
362,348.9,350.3,354.5,348.9,347.5,19,8200,-6000,8000,-6000,2021/1/14 20:00
363,351.7,348.9,350.3,354.5,348.9,19,8200,-6000,8000,-6000,2021/1/14 20:01
364,341.9,351.7,348.9,350.3,354.5,19,8500,-6000,8000,-6000,2021/1/14 20:02
365,343.3,341.9,351.7,348.9,350.3,19,9000,-6000,8500,-6000,2021/1/14 20:03
366,339.1,343.3,341.9,351.7,348.9,19,9500,-6000,9000,-6000,2021/1/14 20:04
367,336.2,339.1,343.3,341.9,351.7,19,9500,-6000,9000,-6000,2021/1/14 20:05
368,333.4,336.2,339.1,343.3,341.9,19,9500,-6000,9000,-6000,2021/1/14 20:06
369,330.6,333.4,336.2,339.1,343.3,19,9500,-6000,9000,-6000,2021/1/14 20:07
370,329.2,330.6,333.4,336.2,339.1,19,10200,-5100,9700,-5100,2021/1/14 20:07
371,329.2,329.2,330.6,333.4,336.2,19,10500,-5100,10000,-5100,2021/1/14 20:08
372,325,329.2,329.2,330.6,333.4,19,10500,-5100,10000,-5100,2021/1/14 20:09
373,320.8,325,329.2,329.2,330.6,19,11000,-5100,10500,-5100,2021/1/14 20:11
374,318,320.8,325,329.2,329.2,19,11500,-5000,11000,-5000,2021/1/14 20:12
375,315.2,318,320.8,325,329.2,19,13000,-5000,12500,-5000,2021/1/14 20:12
376,315.2,315.2,318,320.8,325,19,13000,-5000,12500,-5000,2021/1/14 20:13
377,313.8,315.2,315.2,318,320.8,19,13500,-5000,13000,-5000,2021/1/14 20:14
378,309.5,313.8,315.2,315.2,318,19,13500,-5000,13000,-5000,2021/1/14 20:15
379,308.1,309.5,313.8,315.2,315.2,19,14000,-5000,13500,-5000,2021/1/14 20:15
380,305.3,308.1,309.5,313.8,315.2,19,14000,-5000,13500,-5000,2021/1/14 20:16
381,308.1,305.3,308.1,309.5,313.8,19,14000,-5000,13500,-5000,2021/1/14 20:17
382,318,308.1,305.3,308.1,309.5,19,13500,-5000,13500,-5000,2021/1/14 20:19
383,319.4,318,308.1,305.3,308.1,19,13500,-5000,13500,-5000,2021/1/14 20:20
384,327.8,319.4,318,308.1,305.3,19,12500,-5500,13500,-5000,2021/1/14 20:21
385,333.4,327.8,319.4,318,308.1,19,12500,-5500,13500,-5000,2021/1/14 20:21
386,336.2,333.4,327.8,319.4,318,19,12500,-5500,13500,-5000,2021/1/14 20:22
387,343.3,336.2,333.4,327.8,319.4,19,12500,-5500,13500,-5000,2021/1/14 20:23
388,351.7,343.3,336.2,333.4,327.8,19,13300,-5200,13500,-5000,2021/1/14 20:24
389,354.5,351.7,343.3,336.2,333.4,19,13300,-5200,13500,-5000,2021/1/14 20:24
390,4.4,354.5,351.7,343.3,336.2,19,10900,-5200,11100,-5000,2021/1/14 20:25
391,21.3,4.4,354.5,351.7,343.3,19,12200,-6000,11100,-5500,2021/1/14 20:27
392,24.1,21.3,4.4,354.5,351.7,19,12200,-6000,11750,-6000,2021/1/14 20:29
393,32.5,24.1,21.3,4.4,354.5,19,11550,-6200,11750,-6000,2021/1/14 20:30
394,33.9,32.5,24.1,21.3,4.4,19,11550,-6200,11750,-6000,2021/1/14 20:30
395,35.3,33.9,32.5,24.1,21.3,19,11200,-6200,11400,-6000,2021/1/14 20:31
396,36.7,35.3,33.9,32.5,24.1,19,10800,-6400,11000,-6200,2021/1/14 20:32
397,38.1,36.7,35.3,33.9,32.5,19,10600,-6600,10800,-6400,2021/1/14 20:33
398,36.7,38.1,36.7,35.3,33.9,19,10300,-6600,10500,-6400,2021/1/14 20:33
399,38.1,36.7,38.1,36.7,35.3,19,9800,-6800,10000,-6600,2021/1/14 20:35
400,38.1,38.1,36.7,38.1,36.7,19,9750,-6900,9950,-6700,2021/1/14 20:36
401,38.1,38.1,38.1,36.7,38.1,19,9550,-7100,9750,-6900,2021/1/14 20:37
402,36.7,38.1,38.1,38.1,36.7,19,9550,-7100,9750,-6900,2021/1/14 20:38
403,35.3,36.7,38.1,38.1,38.1,19,9750,-6900,9750,-6900,2021/1/14 20:38
404,36.7,35.3,36.7,38.1,38.1,19,9550,-7100,9750,-6900,2021/1/14 20:39
405,32.5,36.7,35.3,36.7,38.1,19,9750,-6900,9750,-6900,2021/1/14 20:40
406,32.5,32.5,36.7,35.3,36.7,19,9750,-6900,9750,-6900,2021/1/14 20:41
407,29.7,32.5,32.5,36.7,35.3,19,9750,-6900,9750,-6900,2021/1/14 20:42
408,22.7,29.7,32.5,32.5,36.7,19,12200,-6000,9750,-6900,2021/1/14 20:44
409,24.1,22.7,29.7,32.5,32.5,19,12200,-6000,9750,-6900,2021/1/14 20:44
410,18.4,24.1,22.7,29.7,32.5,19,12200,-6000,9750,-6900,2021/1/14 20:45
411,15.6,18.4,24.1,22.7,29.7,19,12200,-6000,9750,-6900,2021/1/14 20:46
412,15.6,15.6,18.4,24.1,22.7,19,12200,-6000,12200,-6000,2021/1/14 20:47
413,11.4,15.6,15.6,18.4,24.1,19,12200,-6000,12200,-6000,2021/1/14 20:48
414,1.6,11.4,15.6,15.6,18.4,19,12400,-6000,12200,-6000,2021/1/14 20:48
415,353.1,1.6,11.4,15.6,15.6,19,12400,-6000,12200,-6000,2021/1/14 20:49
416,347.5,353.1,1.6,11.4,15.6,19,12900,-6000,12400,-6000,2021/1/14 20:50
417,333.4,347.5,353.1,1.6,11.4,19,13500,-6000,13000,-6000,2021/1/14 20:52
418,334.8,333.4,347.5,353.1,1.6,19,14000,-6000,13500,-6000,2021/1/14 20:52
419,330.6,334.8,333.4,347.5,353.1,19,14500,-5500,14000,-5500,2021/1/14 20:53
420,336.2,330.6,334.8,333.4,347.5,19,14500,-5500,14000,-5500,2021/1/14 20:54
421,337.7,336.2,330.6,334.8,333.4,19,14500,-5500,14000,-5500,2021/1/14 20:55
422,339.1,337.7,336.2,330.6,334.8,19,14000,-5500,14000,-5500,2021/1/14 20:56
423,344.7,339.1,337.7,336.2,330.6,19,14000,-5500,14000,-5500,2021/1/14 20:56
424,346.1,344.7,339.1,337.7,336.2,19,14000,-5500,14000,-5500,2021/1/14 20:57
425,353.1,346.1,344.7,339.1,337.7,19,13800,-5700,14000,-5500,2021/1/14 20:58
426,7.2,353.1,346.1,344.7,339.1,19,12350,-5700,12550,-5500,2021/1/14 21:00
427,15.6,7.2,353.1,346.1,344.7,19,12200,-6000,11450,-5700,2021/1/14 21:01
428,28.3,15.6,7.2,353.1,346.1,19,12200,-6000,10900,-6000,2021/1/14 21:02
429,33.9,28.3,15.6,7.2,353.1,19,10700,-7200,10900,-7000,2021/1/14 21:02
430,40.9,33.9,28.3,15.6,7.2,19,10700,-7750,10900,-7550,2021/1/14 21:03
431,43.8,40.9,33.9,28.3,15.6,19,10700,-8250,10900,-8050,2021/1/14 21:04
432,258.2,256,256.8,251.2,245.5,160,6450,-5800,6450,-5800,2021/1/18 9:23
433,256.8,258.2,256,256.8,251.2,170,6950,-5800,7450,-5300,2021/1/18 9:25
434,252.6,256.8,258.2,256,256.8,170,6450,-6300,6950,-5800,2021/1/18 9:26
435,251.2,252.6,256.8,258.2,256,170,6450,-6300,6450,-6300,2021/1/18 9:27
436,249.8,251.2,252.6,256.8,258.2,170,6450,-6300,6450,-6300,2021/1/18 9:28
437,248.4,249.8,251.2,252.6,256.8,170,6450,-5800,6450,-6300,2021/1/18 9:28
438,244.1,248.4,249.8,251.2,252.6,170,6450,-6300,6450,-6300,2021/1/18 9:29
439,237.1,244.1,248.4,249.8,251.2,170,6450,-6300,6450,-6300,2021/1/18 9:31
440,235.7,237.1,244.1,248.4,249.8,170,6450,-6300,6450,-6300,2021/1/18 9:32
441,230.1,235.7,237.1,244.1,248.4,170,6450,-6300,6450,-6300,2021/1/18 9:33
442,230.1,230.1,235.7,237.1,244.1,170,6450,-6300,6450,-6300,2021/1/18 9:34
443,228.7,230.1,230.1,235.7,237.1,170,6450,-6300,6450,-6300,2021/1/18 9:35
444,224.5,228.7,230.1,230.1,235.7,170,6450,-6300,6450,-6300,2021/1/18 9:35
445,214.6,224.5,228.7,230.1,230.1,170,6950,-5800,6450,-6300,2021/1/18 9:38
446,211.8,214.6,224.5,228.7,230.1,170,7450,-5300,6950,-5800,2021/1/18 9:39
447,209,211.8,214.6,224.5,228.7,170,7950,-4800,7450,-5300,2021/1/18 9:40
448,209,209,211.8,214.6,224.5,170,7450,-5300,7450,-5300,2021/1/18 9:40
449,207.6,209,209,211.8,214.6,170,6950,-5800,7450,-5300,2021/1/18 9:41
450,203.4,207.6,209,209,211.8,170,6950,-5800,6950,-5800,2021/1/18 9:42
451,196.3,203.4,207.6,209,209,170,7150,-5600,6950,-5800,2021/1/18 9:44
452,196.3,196.3,203.4,207.6,209,170,8000,-5400,7800,-5600,2021/1/18 9:45
453,0,196.3,196.3,203.4,207.6,170,7000,-5900,8000,-5400,2021/1/18 9:46
454,194.9,0,196.3,196.3,203.4,170,7800,-5600,8000,-5400,2021/1/18 9:47
455,190.7,194.9,0,196.3,196.3,170,7800,-5600,7800,-5600,2021/1/18 9:52
456,179.5,180.9,189.3,190.7,194.9,170,7800,-5600,7800,-5600,2021/1/18 9:54
457,180.9,189.3,190.7,194.9,0,170,8000,-5400,7800,-5600,2021/1/18 9:54
458,189.3,190.7,194.9,0,196.3,170,8000,-5400,7800,-5600,2021/1/18 9:54
459,178,179.5,180.9,189.3,190.7,170,8000,-5400,8000,-5400,2021/1/18 9:55
460,171,178,179.5,180.9,189.3,170,8000,-5400,8000,-5400,2021/1/18 9:59
461,169.6,171,178,179.5,180.9,170,8000,-5400,8000,-5400,2021/1/18 9:59
462,168.2,169.6,171,178,179.5,170,8000,-5400,8000,-5400,2021/1/18 10:02
463,168.2,168.2,169.6,171,178,170,8000,-5400,8000,-5400,2021/1/18 10:06
464,166.8,168.2,168.2,169.6,171,170,8000,-5400,8000,-5400,2021/1/18 10:06
465,164,166.8,168.2,168.2,169.6,170,8000,-5400,8000,-5400,2021/1/18 10:06
466,164,164,166.8,168.2,168.2,170,8000,-5400,8000,-5400,2021/1/18 10:06
467,165.4,164,164,166.8,168.2,170,8000,-5400,8000,-5400,2021/1/18 10:06
468,164,165.4,164,164,166.8,170,8000,-5400,8000,-5400,2021/1/18 10:06
469,165.4,164,165.4,164,164,170,8000,-5400,8000,-5400,2021/1/18 10:07
470,164,165.4,164,165.4,164,170,8000,-5400,8000,-5400,2021/1/18 10:08
471,162.6,162.6,165.4,166.8,166.8,170,8000,-5400,8000,-5400,2021/1/18 10:21
472,165.4,164,165.4,164,165.4,170,8000,-5400,8000,-5400,2021/1/18 10:22
473,166.8,165.4,164,165.4,164,170,8000,-5400,8000,-5400,2021/1/18 10:22
474,162.6,162.6,162.6,165.4,166.8,170,8000,-5400,8000,-5400,2021/1/18 10:22
475,166.8,166.8,165.4,164,165.4,170,8000,-5400,8000,-5400,2021/1/18 10:22
476,166.8,166.8,166.8,165.4,164,170,8000,-5400,8000,-5400,2021/1/18 10:22
477,162.6,165.4,166.8,166.8,166.8,170,8000,-5400,8000,-5400,2021/1/18 10:22
478,165.4,166.8,166.8,166.8,165.4,170,8000,-5400,8000,-5400,2021/1/18 10:22
479,161.2,162.6,162.6,162.6,162.6,170,8000,-5400,8000,-5400,2021/1/18 10:22
480,162.6,162.6,162.6,162.6,162.6,170,8000,-5400,8000,-5400,2021/1/18 10:22
481,157,158.4,158.4,158.4,158.4,170,9000,-5400,8800,-5400,2021/1/18 10:50
482,155.5,157,158.4,158.4,158.4,170,9200,-5200,9000,-5200,2021/1/18 10:50
483,157,155.5,157,158.4,158.4,170,9400,-5200,9200,-5200,2021/1/18 10:51
484,155.5,157,155.5,157,158.4,170,9600,-5200,9400,-5200,2021/1/18 10:52
485,154.1,155.5,157,155.5,157,170,10000,-5200,9800,-5200,2021/1/18 10:54
486,154.1,154.1,155.5,157,155.5,170,10200,-5200,10000,-5200,2021/1/18 10:55
487,157,154.1,154.1,155.5,157,170,10650,-5200,10450,-5200,2021/1/18 10:56
488,155.5,157,154.1,154.1,155.5,170,10850,-5200,10650,-5200,2021/1/18 10:57
489,157,155.5,157,154.1,154.1,170,11300,-5200,11100,-5200,2021/1/18 10:57
490,155.5,157,155.5,157,154.1,170,11500,-5200,11300,-5200,2021/1/18 10:58
