,state0,state1,state2,action,reward,state_0,state_1,state_2,a_loss
0,0.7898100406936777,0.6133515302169315,-0.8495909007255735,-1.9997878074645996,-0.05121718790860795,0.8104831684648204,0.5857619257302625,-0.6895454241825649,0.7796514630317688
1,0.8104831684648204,0.5857619257302625,-0.6895454241825649,-1.9999994039535522,-0.04431977427289486,0.826289451847418,0.5632457205924369,-0.550223890477901,0.4584072232246399
2,0.826289451847418,0.5632457205924369,-0.550223890477901,-2.0,-0.0392247852704394,0.838147055723694,0.5454443261981035,-0.4277896000335733,0.8419642448425293
3,0.838147055723694,0.5454443261981035,-0.4277896000335733,-2.0,-0.03551361027236401,0.8467321016197721,0.5320194997239893,-0.3187063553849956,0.6256092190742493
4,0.8467321016197721,0.5320194997239893,-0.3187063553849956,-2.0,-0.03288602369377806,0.8525249150091997,0.5226865880128901,-0.2196917305920035,0.5868803262710571
5,0.8525249150091997,0.5226865880128901,-0.2196917305920035,-2.0,-0.03113256186829245,0.8558442680328295,0.5172335921760595,-0.12767678958233597,0.5975077748298645
6,0.8558442680328295,0.5172335921760595,-0.12767678958233597,-2.0,-0.030114784887173195,0.8568706198869971,0.5155315128820676,-0.03975159545029154,0.8883018493652344
7,0.8568706198869971,0.5155315128820676,-0.03975159545029154,-2.0,-0.029751872403851375,0.8556594202381094,0.5175393285130923,0.04689703921125912,0.40094369649887085
8,0.8556594202381094,0.5175393285130923,0.04689703921125912,-2.0,-0.030012621081709136,0.8521452149414297,0.5233053913848247,0.1350515355960783,0.7083314061164856
9,0.8521452149414297,0.5233053913848247,0.1350515355960783,-2.0,-0.03091222011963358,0.8461368003948533,0.532965772838707,0.22753057913469654,0.9785671234130859
10,0.8461368003948533,0.532965772838707,0.22753057913469654,-2.0,-0.03251354350077683,0.8373031367024606,0.5467389297171188,0.32725490876372687,0.607286810874939
11,0.8373031367024606,0.5467389297171188,0.32725490876372687,-2.0,-0.03493307924237567,0.8251492450761838,0.5649147929999744,0.43730910605156587,0.5672281384468079
12,0.8251492450761838,0.5649147929999744,0.43730910605156587,-2.0,-0.038352001919324544,0.808981010573604,0.5878347765582692,0.5609952008015465,0.7005555629730225
13,0.808981010573604,0.5878347765582692,0.5609952008015465,-2.0,-0.04303326685229979,0.7878579247191008,0.6158570373530791,0.7018712832202485,0.6584131717681885
14,0.7878579247191008,0.6158570373530791,0.7018712832202485,-2.0,-0.04934591650256294,0.760533783284777,0.6492983632218271,0.8637640612350577,1.094026803970337
15,0.760533783284777,0.6492983632218271,0.8637640612350577,-2.0,-0.057797933165135595,0.7253880128692791,0.6883401998906926,1.050737833651428,0.5816060304641724
16,0.7253880128692791,0.6883401998906926,1.050737833651428,-2.0,-0.06907872197015356,0.6803559944455241,0.7328817918478,1.2669929835694473,0.5374404788017273
17,0.6803559944455241,0.7328817918478,1.2669929835694473,-2.0,-0.08411124256848061,0.622877537764582,0.7823193548342848,1.5166543274552973,0.42328789830207825
18,0.622877537764582,0.7823193548342848,1.5166543274552973,-2.0,-0.10411120462095166,0.5499011334072715,0.8352297549042408,1.8033938435810108,0.2406487762928009
19,0.5499011334072715,0.8352297549042408,1.8033938435810108,-2.0,-0.13064549555275798,0.45800978142748333,0.8889471526006194,2.129816159759191,0.804692268371582
20,0.45800978142748333,0.8889471526006194,2.129816159759191,-2.0,-0.16567270749562918,0.343770081680683,0.9390538487974247,2.496526524209656,0.6291872262954712
21,0.343770081680683,0.9390538487974247,2.496526524209656,-2.0,-0.21153414259232975,0.20443637113741492,0.978879854811695,2.900816910807724,0.3695031702518463
22,0.20443637113741492,0.978879854811695,2.900816910807724,-2.0,-0.27084489349944596,0.03912905103199192,0.9992341654313747,3.3349768019164956,0.9137253761291504
23,0.03912905103199192,0.9992341654313747,3.3349768019164956,-2.0,-0.3462181062282659,-0.1495182999724395,0.9887589584794424,3.7844024259900264,0.7812326550483704
24,-0.1495182999724395,0.9887589584794424,3.7844024259900264,-2.0,-0.4397589215939993,-0.3535651176204268,0.9354099142098365,4.225971644849608,0.16496463119983673
25,-0.3535651176204268,0.9354099142098365,4.225971644849608,-2.0,-0.5523187680788263,-0.5586490747135793,0.8294041302776721,4.627529080506985,0.9340561628341675
26,-0.5586490747135793,0.8294041302776721,4.627529080506985,-2.0,-0.6826361706110626,-0.7448001023721524,0.6672876497481661,4.949582178215239,0.6073586940765381
27,-0.7448001023721524,0.6672876497481661,4.949582178215239,-1.9998821020126343,-0.8266909039273032,-0.89017927596226,0.4556104220134857,5.150065600224469,0.5350896120071411
28,-0.89017927596226,0.4556104220134857,5.150065600224469,-1.946621298789978,-0.9777185044189759,-0.9773865861139717,0.21146030664045626,5.199780221916086,0.2245919555425644
29,-0.9773865861139717,0.21146030664045626,5.199780221916086,0.8654334545135498,-1.1280772300884823,-0.9981192483956175,-0.061302251036708964,5.4881904700734605,0.34323567152023315
30,-0.9981192483956175,-0.061302251036708964,5.4881904700734605,1.995722770690918,-1.2503958400274588,-0.9399135503574937,-0.3414125332414896,5.741572197399567,0.7654166221618652
31,-0.9399135503574937,-0.3414125332414896,5.741572197399567,2.0,-1.1102382394134793,-0.8034701845097463,-0.595344994607223,5.78551279746845,1.19008469581604
32,-0.8034701845097463,-0.595344994607223,5.78551279746845,2.0,-0.9620719487166978,-0.6061024268123519,-0.7953866029876149,5.639004051513033,0.4789142608642578
33,-0.6061024268123519,-0.7953866029876149,5.639004051513033,2.0,-0.8120887317006751,-0.3746580725577519,-0.9271630539809652,5.342464099272322,0.8309381008148193
34,-0.3746580725577519,-0.9271630539809652,5.342464099272322,2.0,-0.6679530250033945,-0.13624826404343932,-0.9906747248946797,4.947091808786598,1.3664965629577637
35,-0.13624826404343932,-0.9906747248946797,4.947091808786598,2.0,-0.5366824493956027,0.08841531908379711,-0.9960836969609081,4.504085765115589,0.748226523399353
36,0.08841531908379711,-0.9960836969609081,4.504085765115589,2.0,-0.42297895923817597,0.28727631189657327,-0.9578477544072976,4.0570229923949075,0.5509491562843323
37,0.28727631189657327,-0.9578477544072976,4.0570229923949075,1.9999996423721313,-0.3286844394603456,0.4558383848002115,-0.8900625634991814,3.638637122945254,0.596767783164978
38,0.4558383848002115,-0.8900625634991814,3.638637122945254,1.9987950325012207,-0.2532430812099141,0.5946734376797653,-0.8039673516493877,3.2709094551960507,0.24653933942317963
39,0.5946734376797653,-0.8039673516493877,3.2709094551960507,1.7787736654281616,-0.1945287087041628,0.705831948256661,-0.7083793198705101,2.934749991273234,0.9507875442504883
40,0.705831948256661,-0.7083793198705101,2.934749991273234,-0.8029885292053223,-0.14816034813286375,0.7819249090940106,-0.623372630565638,2.283017221989553,0.6695238947868347
41,0.7819249090940106,-0.623372630565638,2.283017221989553,-1.573907732963562,-0.09766883227020776,0.8286646629317277,-0.559745367473681,1.5794015891207898,0.2956154942512512
42,0.8286646629317277,-0.559745367473681,1.5794015891207898,-1.3001047372817993,-0.06040704596792307,0.8546865108838797,-0.5191444578468885,0.964576852923259,0.8904333114624023
43,0.8546865108838797,-0.5191444578468885,0.964576852923259,1.9176281690597534,-0.039466998316505165,0.8762817801126854,-0.4817989641360213,0.8628627348970556,1.1185106039047241
44,0.8762817801126854,-0.4817989641360213,0.8628627348970556,1.9102271795272827,-0.03308160111585886,0.8945807472816112,-0.44690635103237686,0.7880475887241319,0.2191636711359024
45,0.8945807472816112,-0.44690635103237686,0.7880475887241319,1.8235619068145752,-0.02800779939366735,0.910218886429313,-0.41412749098240426,0.726402111472036,0.6961872577667236
46,0.910218886429313,-0.41412749098240426,0.726402111472036,1.5473041534423828,-0.023747550893013836,0.9231546743424999,-0.3844287284264704,0.6479021162515902,0.4260052442550659
47,0.9231546743424999,-0.3844287284264704,0.6479021162515902,1.6378204822540283,-0.020036058484786616,0.9343640489783384,-0.35631983382462074,0.6052536422698416,0.4130387008190155
48,0.9343640489783384,-0.35631983382462074,0.6052536422698416,0.9236130118370056,-0.017021986382164126,0.9425883220138968,-0.3339569660944751,0.47655571867692614,0.8277540802955627
49,0.9425883220138968,-0.3339569660944751,0.47655571867692614,1.9634418487548828,-0.014250483316787693,0.9509609938071051,-0.30931082790197145,0.5206042714193015,0.4727243185043335
50,0.9509609938071051,-0.30931082790197145,0.5206042714193015,0.029563620686531067,-0.012599402603068901,0.9553910108014977,-0.2953438952808954,0.2930556935958025,0.15573546290397644
51,0.9553910108014977,-0.2953438952808954,0.2930556935958025,1.999587059020996,-0.01024758170479158,0.9607116967191976,-0.2775482584829535,0.3714858309882797,0.4551086723804474
52,0.9607116967191976,-0.2775482584829535,0.3714858309882797,1.8805691003799438,-0.009643330219926496,0.9666540895749456,-0.25608567142273525,0.44541000218305604,0.3573523759841919
53,0.9666540895749456,-0.25608567142273525,0.44541000218305604,-0.5050992369651794,-0.008715993466765003,0.9688897514251771,-0.24749272632394367,0.1775808630712276,1.1014903783798218
54,0.9688897514251771,-0.24749272632394367,0.1775808630712276,1.999625325202942,-0.006969781424499498,0.9723986475038483,-0.23332567439672527,0.2919051171087111,1.0107753276824951
55,0.9723986475038483,-0.23332567439672527,0.2919051171087111,1.8193508386611938,-0.006728943296544812,0.9767613396571238,-0.21432985175010244,0.38981348711034547,0.5226024985313416
56,0.9767613396571238,-0.21432985175010244,0.38981348711034547,-0.4281920790672302,-0.00620372603244829,0.9784946225221753,-0.20627232896146175,0.16483728643768403,0.33603203296661377
57,0.9784946225221753,-0.20627232896146175,0.16483728643768403,1.985939621925354,-0.004982689489011521,0.9815552924827053,-0.19117847106615005,0.30802398300539013,0.7822993397712708
58,0.9815552924827053,-0.19117847106615005,0.30802398300539013,0.1324099451303482,-0.004650878835915085,0.9832771384407359,-0.18211553755733675,0.18450162147532975,0.44338199496269226
59,0.9832771384407359,-0.18211553755733675,0.18450162147532975,1.8503628969192505,-0.00403672867815445,0.9861104636776777,-0.16609079873790542,0.3254694028452153,0.39866703748703003
60,0.9861104636776777,-0.16609079873790542,0.3254694028452153,-0.34070298075675964,-0.003855273004262344,0.9873267789328205,-0.15870044613088302,0.14979585667827156,0.6232315897941589
61,0.9873267789328205,-0.15870044613088302,0.14979585667827156,1.7506005764007568,-0.003070864289381781,0.9895483081088822,-0.14420175421557363,0.2933606085402234,0.35542887449264526
62,0.9895483081088822,-0.14420175421557363,0.2933606085402234,-0.23554563522338867,-0.0029601424642424446,0.9906011420796945,-0.13678222585703442,0.14987744759503477,0.3498995006084442
63,0.9906011420796945,-0.13678222585703442,0.14987744759503477,1.191697359085083,-0.002249370356924922,0.9920837890326641,-0.12557768726406893,0.22604538206502067,1.3684684038162231
64,0.9920837890326641,-0.12557768726406893,0.22604538206502067,0.29889145493507385,-0.0021052342519045633,0.9931545097378957,-0.11680804675740496,0.17669583485722998,0.38160189986228943
65,0.9931545097378957,-0.11680804675740496,0.17669583485722998,0.7122896909713745,-0.0017336127756396019,0.9942511620430006,-0.10707299741831801,0.19593325343488235,0.8590925335884094
66,0.9942511620430006,-0.10707299741831801,0.19593325343488235,0.4315495789051056,-0.0015533928232134126,0.995176309740001,-0.09810256129313563,0.18036094220690893,1.2195290327072144
67,0.995176309740001,-0.09810256129313563,0.18036094220690893,0.49437758326530457,-0.0013152562650285385,0.9960231080178539,-0.08909527649911997,0.18094065872685214,0.6656925082206726
68,0.9960231080178539,-0.08909527649911997,0.18094065872685214,0.3789329528808594,-0.0011376603833087716,0.9967482930811149,-0.08057816230148189,0.17095914428464165,0.17691338062286377
69,0.9967482930811149,-0.08057816230148189,0.17095914428464165,0.36892929673194885,-0.0009565753157237086,0.9973822629872269,-0.07230920742532122,0.1658649170683225,0.2887783646583557
70,0.9973822629872269,-0.07230920742532122,0.1658649170683225,0.30026015639305115,-0.0008079033036674022,0.997918096545062,-0.0644939732678975,0.15667203495828916,0.6989324688911438
71,0.997918096545062,-0.0644939732678975,0.15667203495828916,0.27876484394073486,-0.0006697574978527523,0.9983740619262333,-0.05700203919960661,0.1501162815984755,0.4032641053199768
72,0.9983740619262333,-0.05700203919960661,0.1501162815984755,0.24096068739891052,-0.0005564309607657918,0.9987573717643631,-0.04983685730803813,0.14350885530860638,0.3303096294403076
73,0.9987573717643631,-0.04983685730803813,0.14350885530860638,0.19958429038524628,-0.0004585084394377407,0.999073316787319,-0.043040767692797646,0.13606885588536463,0.6765444278717041
74,0.999073316787319,-0.043040767692797646,0.13606885588536463,0.17107431590557098,-0.00037343925191358953,0.9993309680200125,-0.03657343785022983,0.12944942750160196,0.4058292508125305
75,0.9993309680200125,-0.03657343785022983,0.12944942750160196,0.13553154468536377,-0.00030322974155168217,0.9995360039047071,-0.030459430365803928,0.12234908081673405,0.37199530005455017
76,0.9995360039047071,-0.030459430365803928,0.12234908081673405,0.10843677073717117,-0.00024367522545099148,0.9996955718160698,-0.024673137038916222,0.11577002365295669,0.5246849656105042
77,0.9996955718160698,-0.024673137038916222,0.11577002365295669,0.06248045340180397,-0.00019530609072593638,0.9998129149381995,-0.019342572806652397,0.10663723888404003,0.6393647193908691
78,0.9998129149381995,-0.019342572806652397,0.10663723888404003,0.039298057556152344,-0.000151287620013203,0.9998957085019015,-0.014442026155653443,0.09802501791247416,1.1455085277557373
79,0.9998957085019015,-0.014442026155653443,0.09802501791247416,0.018466811627149582,-0.00011698180586759334,0.999950555336783,-0.009944188335866437,0.08996352003980643,1.3533915281295776
80,0.999950555336783,-0.009944188335866437,0.08996352003980643,-0.0026446410920470953,-9.082406292913386e-05,0.9999829535661202,-0.00583888492596947,0.08210868262409877,0.3229515850543976
81,0.9999829535661202,-0.00583888492596947,0.08210868262409877,-0.02076292596757412,-7.08707639941605e-05,0.9999977778228828,-0.002108162540288549,0.07461508003448479,0.6534409523010254
82,0.9999977778228828,-0.002108162540288549,0.07461508003448479,-0.03688868135213852,-5.6254614754752347e-05,0.9999991975219629,0.0012668683555839889,0.06750065592644817,0.6682519912719727
83,0.9999991975219629,0.0012668683555839889,0.06750065592644817,-0.04986761882901192,-4.5972559074675646e-05,0.9999906886676152,0.004315388518845497,0.06097066436878362,0.8819990158081055
84,0.9999906886676152,0.004315388518845497,0.06097066436878362,-0.06325375288724899,-3.943659222812791e-05,0.9999751392707548,0.00705130062006938,0.05471914282483031,0.9560346007347107
85,0.9999751392707548,0.00705130062006938,0.05471914282483031,-0.07421931624412537,-3.5464863056258904e-05,0.9999549219232275,0.009494952422834426,0.048874720853262776,0.19786807894706726
86,0.9999549219232275,0.009494952422834426,0.048874720853262776,-0.08542410284280777,-3.3632794209232836e-05,0.9999320904506365,0.01165394727206808,0.043182319743968,0.42185521125793457
87,0.9999320904506365,0.01165394727206808,0.043182319743968,-0.0960455909371376,-3.315166653760067e-05,0.9999084708358685,0.013529595362577472,0.03751594155744833,0.49073436856269836
88,0.9999084708358685,0.013529595362577472,0.03751594155744833,-0.10766217857599258,-3.3539685265034474e-05,0.9998859111024372,0.015105124257983547,0.03151381129298245,0.8518599271774292
89,0.9998859111024372,0.015105124257983547,0.03151381129298245,-0.10932888835668564,-3.394469700668388e-05,0.9998650656639058,0.01642712588718267,0.026443321232967835,0.49026793241500854
90,0.9998650656639058,0.01642712588718267,0.026443321232967835,-0.11996234953403473,-3.541906305872362e-05,0.9998474675281719,0.01746544237920213,0.0207693132182502,0.722073495388031
91,0.9998474675281719,0.01746544237920213,0.0207693132182502,-0.11936065554618835,-3.6245610260485e-05,0.9998332078296205,0.01826352981028035,0.015964296670723452,0.4225238561630249
92,0.9998332078296205,0.01826352981028035,0.015964296670723452,-0.13102762401103973,-3.762477294540477e-05,0.9998239437677278,0.018763834063098367,0.010007800426778329,0.2178594022989273
93,0.9998239437677278,0.018763834063098367,0.010007800426778329,-0.13673758506774902,-3.808355710701724e-05,0.9998205784588521,0.018942304247538382,0.0035700382139389935,0.22892527282238007
94,0.9998205784588521,0.018942304247538382,0.0035700382139389935,-0.13245680928230286,-3.776731371158184e-05,0.9998225541235054,0.018837735159785398,-0.0020917549927527415,0.44695335626602173
95,0.9998225541235054,0.018837735159785398,-0.0020917549927527415,-0.13326279819011688,-3.730987664421069e-05,0.9998299657831924,0.018440160573604803,-0.007952873351431319,0.3387966454029083
96,0.9998299657831924,0.018440160573604803,-0.007952873351431319,-0.12347640097141266,-3.616493123150616e-05,0.9998414240372119,0.017808053774632328,-0.012644213066940375,0.8662827014923096
97,0.9998414240372119,0.017808053774632328,-0.012644213066940375,-0.12445167452096939,-3.48636139741903e-05,0.9998570090829275,0.01691039289142938,-0.017955923914112295,0.6532715559005737
98,0.9998570090829275,0.01691039289142938,-0.017955923914112295,-0.11087393015623093,-3.305231986214536e-05,0.9998749298688112,0.01581532863521755,-0.02190421876897499,0.5115887522697449
99,0.9998749298688112,0.01581532863521755,-0.02190421876897499,-0.10838688164949417,-3.098726728324176e-05,0.9998948630627933,0.014500442084219503,-0.026300754539986045,0.7167266607284546
100,0.9998948630627933,0.014500442084219503,-0.026300754539986045,-0.09629049152135849,-2.8872238680319674e-05,0.9999154036588354,0.013007133649979158,-0.02986899670502595,1.0146684646606445
101,0.9999154036588354,0.013007133649979158,-0.02986899670502595,-0.09203525632619858,-2.6688125272031852e-05,0.9999360250585686,0.011311312482181951,-0.033918934916472125,0.9604584574699402
102,0.9999360250585686,0.011311312482181951,-0.033918934916472125,-0.07691672444343567,-2.4891684423624837e-05,0.9999552270415772,0.00946276451295488,-0.036972959221351104,0.7513737082481384
103,0.9999552270415772,0.00946276451295488,-0.036972959221351104,-0.0750318095088005,-2.3187632885587948e-05,0.9999725729457734,0.0074063051658696515,-0.041130657262955776,0.6364122629165649
104,0.9999725729457734,0.0074063051658696515,-0.041130657262955776,-0.05490211769938469,-2.2704169841904726e-05,0.9999863976908576,0.005215786926439499,-0.04381124604346133,1.23981511592865
105,0.9999863976908576,0.005215786926439499,-0.04381124604346133,-0.04765987768769264,-2.2141867188860526e-05,0.9999959004982177,0.00286338728756727,-0.04704838750178569,0.7257575392723083
106,0.9999959004982177,0.00286338728756727,-0.04704838750178569,-0.02352411299943924,-2.3010746971072468e-05,0.9999999023542417,0.0004419179867092266,-0.04842946398602622,0.6430157423019409
107,0.9999999023542417,0.0004419179867092266,-0.04842946398602622,-0.015155038796365261,-2.3496626491799146e-05,0.9999978437713359,-0.0020766445721042736,-0.05037128131544851,0.693535566329956
108,0.9999978437713359,-0.0020766445721042736,-0.05037128131544851,0.00961615052074194,-2.5813152736479255e-05,0.999989415587612,-0.004600946940158217,-0.05048634216641618,0.32998377084732056
109,0.999989415587612,-0.004600946940158217,-0.05048634216641618,0.026055512949824333,-2.767348264088338e-05,0.9999747780670908,-0.007102339732272313,-0.050028725429061956,0.7753069400787354
110,0.9999747780670908,-0.007102339732272313,-0.050028725429061956,0.0479564368724823,-3.0303123451170843e-05,0.9999547755340491,-0.009510356809793343,-0.04816201469739327,0.47238367795944214
111,0.9999547755340491,-0.009510356809793343,-0.04816201469739327,0.05802500247955322,-3.2577448054483865e-05,0.9999299074058152,-0.011839775141355285,-0.046591031932805387,0.736975908279419
112,0.9999299074058152,-0.011839775141355285,-0.046591031932805387,0.07947306334972382,-3.6357521951203054e-05,0.9999017557972341,-0.014017087914699158,-0.04354990378636337,0.6307926177978516
113,0.9999017557972341,-0.014017087914699158,-0.04354990378636337,0.08859308809041977,-3.939997701614065e-05,0.999871101431408,-0.01605554490956646,-0.040773756508824865,0.3943568170070648
114,0.999871101431408,-0.01605554490956646,-0.040773756508824865,0.10901152342557907,-4.3593610987841674e-05,0.9998401674438063,-0.01787846654334255,-0.03646368667716227,0.6053711771965027
115,0.9998401674438063,-0.01787846654334255,-0.03646368667716227,0.11468437314033508,-4.657861782839878e-05,0.999809629150581,-0.019511674909595385,-0.03266988061361835,1.001525640487671
116,0.999809629150581,-0.019511674909595385,-0.03266988061361835,0.12563927471637726,-5.032711170868029e-05,0.9997808541346992,-0.020934271080967758,-0.028457745588357723,0.20216448605060577
117,0.9997808541346992,-0.020934271080967758,-0.028457745588357723,0.13378764688968658,-5.371912026981225e-05,0.99975491322607,-0.022138506732236503,-0.02409030186562998,0.38936305046081543
118,0.99975491322607,-0.022138506732236503,-0.02409030186562998,0.13869233429431915,-5.67463399667333e-05,0.9997324017071303,-0.023132768465816893,-0.019890331770658912,0.733238935470581
119,0.9997324017071303,-0.023132768465816893,-0.019890331770658912,0.14243540167808533,-5.9507083050423416e-05,0.9997137256199485,-0.023926278588243578,-0.015874597868308873,0.729051947593689
120,0.9997137256199485,-0.023926278588243578,-0.015874597868308873,0.14017866551876068,-6.174264238767964e-05,0.9996982172649715,-0.02456571589100953,-0.012792506981678211,0.6233698725700378
121,0.9996982172649715,-0.02456571589100953,-0.012792506981678211,0.14685216546058655,-6.415262120947475e-05,0.999686825070593,-0.025025023082457232,-0.009188969080848132,0.5142077803611755
122,0.999686825070593,-0.025025023082457232,-0.009188969080848132,0.1399231255054474,-6.54404750718038e-05,0.9996780440723346,-0.025373375804403592,-0.0069692675668740385,0.20045585930347443
123,0.9996780440723346,-0.025373375804403592,-0.0069692675668740385,0.1475389301776886,-6.705712151306051e-05,0.9996731175778273,-0.025566736049554152,-0.0038684598935242016,0.7565411329269409
124,0.9996731175778273,-0.025566736049554152,-0.0038684598935242016,0.14043757319450378,-6.750196749827131e-05,0.9996705842978186,-0.025665597395303677,-0.0019778759515143383,1.0061461925506592
125,0.9996705842978186,-0.025665597395303677,-0.0019778759515143383,0.14357830584049225,-6.798735083447135e-05,0.9996709815736746,-0.025650118898862786,0.00030967187808164914,0.19653430581092834
126,0.9996709815736746,-0.025650118898862786,0.00030967187808164914,0.13852360844612122,-6.772713199560573e-05,0.9996733507303129,-0.0255576180351132,0.0018506239708526494,0.8074190020561218
127,0.9996733507303129,-0.0255576180351132,0.0018506239708526494,0.13991306722164154,-6.732522563418809e-05,0.9996780229239531,-0.025374209009470464,0.0036693705277632215,0.527510404586792
128,0.9996780229239531,-0.025374209009470464,0.0036693705277632215,0.13499194383621216,-6.635579643812999e-05,0.9996841939029794,-0.025129911670166698,0.004887505346092102,0.506029486656189
129,0.9996841939029794,-0.025129911670166698,0.004887505346092102,0.1343034952878952,-6.520716410355323e-05,0.9996919182648772,-0.024820728351320088,0.0061855958866519345,0.3115925192832947
130,0.9996919182648772,-0.024820728351320088,0.0061855958866519345,0.12856078147888184,-6.365491451452828e-05,0.999700365828966,-0.024478124140372672,0.0068541668449940505,0.4176586866378784
131,0.999700365828966,-0.024478124140372672,0.0068541668449940505,0.1262882500886917,-6.199449537625348e-05,0.9997094010868569,-0.024106293339247582,0.007438811253018879,0.5497295260429382
132,0.9997094010868569,-0.024106293339247582,0.007438811253018879,0.12383830547332764,-6.020954948987744e-05,0.9997188863829286,-0.023709664891710072,0.007934837069582912,0.37090831995010376
133,0.9997188863829286,-0.023709664891710072,0.007934837069582912,0.12047243118286133,-5.830633483468157e-05,0.9997285506407793,-0.023298605831400213,0.008223453078229465,0.40576717257499695
134,0.9997285506407793,-0.023298605831400213,0.008223453078229465,0.11667637526988983,-5.63299176403585e-05,0.9997380773531929,-0.022886168096502763,0.00825095499516335,0.8630669116973877
135,0.9997380773531929,-0.022886168096502763,0.00825095499516335,0.11185825616121292,-5.431882583405936e-05,0.999747000111779,-0.022493015971598182,0.007865067346968126,0.5037450790405273
136,0.999747000111779,-0.022493015971598182,0.007865067346968126,0.10647834092378616,-5.235446797191627e-05,0.9997547749577905,-0.022144749921765367,0.006967056506837987,0.741042971611023
137,0.9997547749577905,-0.022144749921765367,0.006967056506837987,0.10680074989795685,-5.0673051865258515e-05,0.9997617867442112,-0.021825896683119822,0.0063786065502073955,0.7093081474304199
138,0.9997617867442112,-0.021825896683119822,0.0063786065502073955,0.09480103105306625,-4.895013256051709e-05,0.9997663798458416,-0.02161447963612298,0.0042293386958267105,0.3505593538284302
139,0.9997663798458416,-0.02161447963612298,0.0042293386958267105,0.09710785746574402,-4.7847716880435945e-05,0.9997691647986569,-0.021485276767964853,0.0025846575885966547,0.5275629758834839
140,0.9997691647986569,-0.021485276767964853,0.0025846575885966547,0.08585565537214279,-4.697274044541047e-05,0.9997684649752546,-0.02151781682752849,-0.0006509516815556577,0.39179396629333496
141,0.9997684649752546,-0.02151781682752849,-0.0006509516815556577,0.09751109778881073,-4.726387080845509e-05,0.9997661323553618,-0.02162592414675507,-0.0021626496338811715,0.6984052658081055
142,0.9997661323553618,-0.02162592414675507,-0.0021626496338811715,0.07039444148540497,-4.7317660450778005e-05,0.999757596974967,-0.02201697733203616,-0.007822926521136156,0.6567076444625854
143,0.999757596974967,-0.02201697733203616,-0.007822926521136156,0.10170928388834,-5.012902341055452e-05,0.9997474990582125,-0.022470828352545047,-0.00907926693691237,0.6683258414268494
144,0.9997474990582125,-0.022470828352545047,-0.00907926693691237,0.07541411370038986,-5.18953734604455e-05,0.9997308054565729,-0.02320165125916715,-0.0146202711462621,0.21189618110656738
145,0.9997308054565729,-0.02320165125916715,-0.0146202711462621,0.10844609141349792,-5.7154903140426704e-05,0.9997122186509197,-0.02398916172056762,-0.015754595878612197,0.3628225326538086
146,0.9997122186509197,-0.02398916172056762,-0.015754595878612197,0.08598699420690536,-6.078047986166371e-05,0.9996866686875905,-0.025031269410632682,-0.020848418038001533,0.4970912039279938
147,0.9996866686875905,-0.025031269410632682,-0.020848418038001533,0.1135784462094307,-6.830610699694645e-05,0.9996577645947435,-0.026160154537776904,-0.022585103164560867,0.4854934811592102
148,0.9996577645947435,-0.026160154537776904,-0.022585103164560867,0.10698734223842621,-7.46964835661911e-05,0.9996226959416968,-0.027467540083777525,-0.026157117732129705,1.3559155464172363
149,0.9996226959416968,-0.027467540083777525,-0.026157117732129705,0.12963885068893433,-8.398812865786715e-05,0.9995842542799053,-0.028832596062192725,-0.02731194519162279,0.2403840273618698
150,0.9995842542799053,-0.028832596062192725,-0.02731194519162279,0.13268570601940155,-9.23748793009116e-05,0.9995413454387944,-0.030283638460474722,-0.02903353633535653,0.38399603962898254
151,0.9995413454387944,-0.030283638460474722,-0.02903353633535653,0.1531531810760498,-0.00010251297724117115,0.9994967430584392,-0.03172161117554337,-0.028773288019304528,1.191167950630188
152,0.9994967430584392,-0.03172161117554337,-0.028773288019304528,0.15536196529865265,-0.00011135258675751172,0.9994492643776098,-0.03318385051579349,-0.02926020160616425,0.445014089345932
153,0.9994492643776098,-0.03318385051579349,-0.02926020160616425,0.17302247881889343,-0.0001217125080853173,0.9994014907980672,-0.03459277656680456,-0.028194717670176114,0.5063650608062744
154,0.9994014907980672,-0.03459277656680456,-0.028194717670176114,0.1774682104587555,-0.00013081270035216762,0.9993529467064399,-0.035967873292085915,-0.027519068526466302,0.7972466349601746
155,0.9993529467064399,-0.035967873292085915,-0.027519068526466302,0.193721204996109,-0.00014075039890490767,0.9993063930872566,-0.037238860548322684,-0.025436792746115145,0.6775792241096497
156,0.9993063930872566,-0.037238860548322684,-0.025436792746115145,0.19973845779895782,-0.00014919727127158132,0.9992621297276495,-0.038408281557005326,-0.023405169487513578,0.7632718086242676
157,0.9992621297276495,-0.038408281557005326,-0.023405169487513578,0.2128196507692337,-0.0001575994464226275,0.9992226533959578,-0.03942193476152082,-0.020288433039881936,0.9333685636520386
158,0.9992226533959578,-0.03942193476152082,-0.020288433039881936,0.21498437225818634,-0.00016422750042657735,0.9991875606333783,-0.040301596438837746,-0.01760722827229469,0.2471078485250473
159,0.9991875606333783,-0.040301596438837746,-0.01760722827229469,0.22071573138237,-0.00017048156829874167,0.9991576155867902,-0.04103729054067769,-0.01472606589406692,0.6191786527633667
160,0.9991576155867902,-0.04103729054067769,-0.01472606589406692,0.22578652203083038,-0.00017576706719377419,0.9991335708739741,-0.04161859623559327,-0.011636055494951385,0.31685006618499756
161,0.9991335708739741,-0.04161859623559327,-0.011636055494951385,0.22565555572509766,-0.0001797568751604896,0.9991147378327748,-0.0420682855051846,-0.009001669312881782,0.8175347447395325
162,0.9991147378327748,-0.0420682855051846,-0.009001669312881782,0.21877484023571014,-0.0001826751061600032,0.9990983896839505,-0.04245477276981922,-0.007736657406413804,0.13875949382781982
163,0.9990983896839505,-0.04245477276981922,-0.007736657406413804,0.22657375037670135,-0.00018608129154624943,0.9990864809724542,-0.042734102752694035,-0.005591674427273101,0.3450089991092682
164,0.9990864809724542,-0.042734102752694035,-0.005591674427273101,0.22624701261520386,-0.00018816306882208386,0.9990785469085258,-0.04291919275974983,-0.0037051995995131416,0.6035308241844177
165,0.9990785469085258,-0.04291919275974983,-0.0037051995995131416,0.22727413475513458,-0.00018962156605166488,0.9990746726643116,-0.04300928319210375,-0.001803473956055417,0.47057485580444336
166,0.9990746726643116,-0.04300928319210375,-0.001803473956055417,0.22571216523647308,-0.00019022113854165966,0.9990742347531653,-0.043019454347740294,-0.00020361156466236377,0.7035360932350159
167,0.9990742347531653,-0.043019454347740294,-0.00020361156466236377,0.2252061814069748,-0.0001902538214558254,0.9990770562365133,-0.04295387877459605,0.001312724885578549,0.5328077077865601
168,0.9990770562365133,-0.04295387877459605,0.001312724885578549,0.2238604873418808,-0.0001896457381062812,0.9990827953551691,-0.04282018245292061,0.002676388905914208,1.0016486644744873
169,0.9990827953551691,-0.04282018245292061,0.002676388905914208,0.22233250737190247,-0.00018848378293150826,0.9990911500125954,-0.04262480459204017,0.003911128172009694,0.34462153911590576
170,0.9990911500125954,-0.04262480459204017,0.003911128172009694,0.2221180647611618,-0.00018688415047101264,0.9991023262795785,-0.04236203043687302,0.005260234442153085,0.537743330001831
171,0.9991023262795785,-0.04236203043687302,0.005260234442153085,0.2196280062198639,-0.00018466195789511913,0.9991159001596808,-0.04204067135656562,0.00643291254747715,0.8781358003616333
172,0.9991159001596808,-0.04204067135656562,0.00643291254747715,0.21400043368339539,-0.00018183947082586483,0.9991305583558454,-0.04169085462708409,0.0070024740825621505,0.2809809446334839
173,0.9991305583558454,-0.04169085462708409,0.0070024740825621505,0.21335437893867493,-0.00017895588783439935,0.9991466127130115,-0.041304313383898804,0.007737489953050893,0.7503544092178345
174,0.9991466127130115,-0.041304313383898804,0.007737489953050893,0.20411185920238495,-0.0001754665912001105,0.9991617778639313,-0.04093582362415492,0.007376033795484445,0.5709196925163269
175,0.9991617778639313,-0.04093582362415492,0.007376033795484445,0.20176267623901367,-0.00017228272949305293,0.9991759195332384,-0.04058918359498787,0.006938567513220213,0.8163623213768005
176,0.9991759195332384,-0.04058918359498787,0.006938567513220213,0.19749124348163605,-0.00016922045159863228,0.9991882937816766,-0.0402834155659844,0.006120366339224621,0.9641166925430298
177,0.9991882937816766,-0.0402834155659844,0.006120366339224621,0.19892644882202148,-0.00016669497269791836,0.9991998275134988,-0.03999630854209175,0.005746771988040118,0.5738426446914673
178,0.9991998275134988,-0.03999630854209175,0.005746771988040118,0.1951080560684204,-0.0001641928136261708,0.9992098266635967,-0.03974572051057808,0.005015748991734282,0.8652303814888
179,0.9992098266635967,-0.03974572051057808,0.005015748991734282,0.1884162575006485,-0.00016185713011914984,0.9992167053248846,-0.03957241210341919,0.003468897233897245,0.5856136679649353
180,0.9992167053248846,-0.03957241210341919,0.003468897233897245,0.19112719595432281,-0.00016045268396454809,0.9992215625447581,-0.03944957472029308,0.0024586675494811866,0.5326871871948242
181,0.9992215625447581,-0.03944957472029308,0.0024586675494811866,0.1896906942129135,-0.0001593664004797024,0.9992241740647463,-0.03938337167670591,0.0013250906411983127,0.26917505264282227
182,0.9992241740647463,-0.03938337167670591,0.0013250906411983127,0.1911434829235077,-0.00015885639649053314,0.9992250778159272,-0.03936043525869854,0.00045908432219494196,0.971286952495575
183,0.9992250778159272,-0.03936043525869854,0.00045908432219494196,0.19206926226615906,-0.00015869562549991915,0.9992245840535952,-0.03937296817512822,-0.0002508527819051915,0.5604904890060425
184,0.9992245840535952,-0.03937296817512822,-0.0002508527819051915,0.1941906064748764,-0.0001588748641914572,0.9992232999876225,-0.039405542273209734,-0.0006519879420206483,0.833215594291687
185,0.9992232999876225,-0.039405542273209734,-0.0006519879420206483,0.1942463219165802,-0.00015913752964567826,0.9992211919466403,-0.039458960512605876,-0.0010691963594410098,0.6476539373397827
186,0.9992211919466403,-0.039458960512605876,-0.0010691963594410098,0.18921810388565063,-0.00015937361383040174,0.9992166857448639,-0.039572906502427695,-0.002280701161047249,0.5406132936477661
187,0.9992166857448639,-0.039572906502427695,-0.002280701161047249,0.19422774016857147,-0.00016050776549090772,0.9992110836812883,-0.03971410641655383,-0.002826220012583058,0.915347695350647
188,0.9992110836812883,-0.03971410641655383,-0.002826220012583058,0.16725794970989227,-0.00016068141177630823,0.9991960743166931,-0.040089962211376354,-0.007523107368515347,0.016155917197465897
189,0.9991960743166931,-0.040089962211376354,-0.007523107368515347,0.1889609396457672,-0.00016494327961378958,0.9991774330648387,-0.040551908142031294,-0.009246438080182617,0.7656072378158569
190,0.9991774330648387,-0.040551908142031294,-0.009246438080182617,0.18093661963939667,-0.00016866471806391043,0.9991518520499824,-0.04117737904590667,-0.012519876240797345,0.7043241262435913
191,0.9991518520499824,-0.04117737904590667,-0.012519876240797345,0.1921539157629013,-0.00017491335967162832,0.9991215686187277,-0.041905740905669286,-0.014579823160792904,0.7113901972770691
192,0.9991215686187277,-0.041905740905669286,-0.014579823160792904,0.18287019431591034,-0.00018118186690198857,0.9990822100486475,-0.042833836675112945,-0.018578599692657738,0.8518489003181458
193,0.9990822100486475,-0.042833836675112945,-0.018578599692657738,0.19203782081604004,-0.00019072557121871088,0.9990347117695537,-0.043927721082759275,-0.021898304076586533,0.7555842399597168
194,0.9990347117695537,-0.043927721082759275,-0.021898304076586533,0.1959814429283142,-0.00020172494327719412,0.9989780119675995,-0.045198800927266775,-0.02544687844940895,1.08552885055542
195,0.9989780119675995,-0.045198800927266775,-0.02544687844940895,0.20084719359874725,-0.00021494182703523843,0.9989109129393119,-0.04665820410978717,-0.029218900105047702,0.43693459033966064
196,0.9989109129393119,-0.04665820410978717,-0.029218900105047702,0.20723606646060944,-0.00023068908060268055,0.9988322600589135,-0.048312692593179295,-0.03312714321829742,0.649834156036377
197,0.9988322600589135,-0.048312692593179295,-0.03312714321829742,0.21514953672885895,-0.0002491964647560314,0.998740948571198,-0.05016490453597634,-0.03708923215385381,0.8260973691940308
198,0.998740948571198,-0.05016490453597634,-0.03708923215385381,0.22609758377075195,-0.00027073126701491384,0.9986365385651644,-0.052202144042049474,-0.04079827299022404,0.7102260589599609
199,0.9986365385651644,-0.052202144042049474,-0.04079827299022404,0.2366374284029007,-0.0002949989951192116,0.9985180414006506,-0.054421696017384565,-0.04445426676132679,0.6789559721946716
