,state0,state1,state2,action_p,action_n,reward,state_0,state_1,state_2,a_loss
0,-0.48801138602579797,0.9464500493667272,0.5691470759378521,-0.9999999999999991,0.9999995231628422,-0.23584967465144774,-0.43460187315940857,-0.9999999999999991,0.9999995231628422,0.002315548714250326
1,-0.43460187315940857,-0.9999999999999991,0.9999995231628422,-0.9999999999999994,-0.2995342910289769,-0.18685178019998613,-0.3618692457675934,-0.9999999999999994,-0.2995342910289769,0.01329684816300869
2,-0.3618692457675934,-0.9999999999999994,-0.2995342910289769,-0.9999995827674876,-0.2338300943374631,-0.12966369939834504,-0.3020175099372864,-0.9999995827674876,-0.2338300943374631,0.0029120934195816517
3,-0.3020175099372864,-0.9999995827674876,-0.2338300943374631,-0.9999980330467222,-0.25329658389091547,-0.09045084046820653,-0.2511329650878906,-0.9999980330467222,-0.25329658389091547,0.00360794086009264
4,-0.2511329650878906,-0.9999980330467222,-0.25329658389091547,-0.9999933242797863,-0.2649422585964208,-0.06267346265947484,-0.208249032497406,-0.9999933242797863,-0.2649422585964208,0.0034347856417298317
5,-0.208249032497406,-0.9999933242797863,-0.2649422585964208,-0.9999800324440004,-0.2585623264312743,-0.043228890159023835,-0.17208769917488098,-0.9999800324440004,-0.2585623264312743,0.002653122181072831
6,-0.17208769917488098,-0.9999800324440004,-0.2585623264312743,-0.9999772906303415,-0.16147229075431743,-0.029638431536007797,-0.13934022188186646,-0.9999772906303415,-0.16147229075431743,0.002844243310391903
7,-0.13934022188186646,-0.9999772906303415,-0.16147229075431743,-0.999980986118316,-0.01483921427279646,-0.019562598154520563,-0.11046259105205536,-0.999980986118316,-0.01483921427279646,0.016601910814642906
8,-0.11046259105205536,-0.999980986118316,-0.01483921427279646,-0.9999961256980896,0.10781616717577008,-0.012447522151416075,-0.08716461062431335,-0.9999961256980896,0.10781616717577008,0.0027985177002847195
9,-0.08716461062431335,-0.9999961256980896,0.10781616717577008,-0.999999105930328,0.15373244881629908,-0.007908051831899977,-0.06729414314031601,-0.999999105930328,0.15373244881629908,0.0033850125037133694
10,-0.06729414314031601,-0.999999105930328,0.15373244881629908,-0.9999991059303286,0.1671400368213656,-0.004880625633350545,-0.049277640879154205,-0.9999991059303286,0.1671400368213656,0.004177555441856384
11,-0.049277640879154205,-0.9999991059303286,0.1671400368213656,-0.9997556805610659,0.06387231498956633,-0.0027980585486860896,-0.030207891017198563,-0.9997556805610659,0.06387231498956633,0.0030925902538001537
12,-0.030207891017198563,-0.9997556805610659,0.06387231498956633,-0.526540935039519,-0.16475541889667558,-0.001022373745541556,-0.02621951512992382,-0.526540935039519,-0.16475541889667558,0.01316213607788086
13,-0.02621951512992382,-0.526540935039519,-0.16475541889667558,-0.9551945328712466,0.02392787300050205,-0.0010436864145239068,-0.01055117230862379,-0.9551945328712466,0.02392787300050205,0.0033677711617201567
14,-0.01055117230862379,-0.9551945328712466,0.02392787300050205,-0.3805804550647731,-0.2787694334983826,-0.0001988971308429039,-0.01528937928378582,-0.3805804550647731,-0.2787694334983826,0.00514288991689682
15,-0.01528937928378582,-0.3805804550647731,-0.2787694334983826,-0.6664174199104318,-0.00785218365490506,-0.00040838645835462726,-0.007969237864017487,-0.6664174199104318,-0.00785218365490506,0.030166035518050194
16,-0.007969237864017487,-0.6664174199104318,-0.00785218365490506,-0.3167777657508846,-0.13849538564682012,-0.00011049227584407473,-0.011073259636759758,-0.3167777657508846,-0.13849538564682012,0.005870087072253227
17,-0.011073259636759758,-0.3167777657508846,-0.13849538564682012,-0.7026543021202092,0.03052259236574184,-0.0003188800850111308,-0.00337566202506423,-0.7026543021202092,0.03052259236574184,0.01727708801627159
18,-0.00337566202506423,-0.7026543021202092,0.03052259236574184,-0.2824113667011264,-0.16588404774665794,-5.415598603090762e-05,-0.007855063304305077,-0.2824113667011264,-0.16588404774665794,0.003592102788388729
19,-0.007855063304305077,-0.2824113667011264,-0.16588404774665794,-0.6154904961585994,0.02095064707100411,-0.0002126044445254805,-0.0029669622890651226,-0.6154904961585994,0.02095064707100411,0.0077329459600150585
20,-0.0029669622890651226,-0.6154904961585994,0.02095064707100411,-0.2675027549266814,-0.13088391721248557,-4.4163409207723246e-05,-0.007925926707684994,-0.2675027549266814,-0.13088391721248557,0.005478012841194868
21,-0.007925926707684994,-0.2675027549266814,-0.13088391721248557,-0.64094489812851,0.03319935128092797,-0.00022676618867150232,-0.0024259467609226704,-0.64094489812851,0.03319935128092797,0.0030705444514751434
22,-0.0024259467609226704,-0.64094489812851,0.03319935128092797,-0.2653765678405767,-0.14036501944065016,-4.185930161489913e-05,-0.007437285967171192,-0.2653765678405767,-0.14036501944065016,0.012531016021966934
23,-0.007437285967171192,-0.2653765678405767,-0.14036501944065016,-0.6160109639167788,0.02890718355774849,-0.00020671401564994362,-0.002708043437451124,-0.6160109639167788,0.02890718355774849,0.0053545511327683926
24,-0.002708043437451124,-0.6160109639167788,0.02890718355774849,-0.25855410099029547,-0.13193042576313044,-4.0940217808698016e-05,-0.007967028766870499,-0.25855410099029547,-0.13193042576313044,0.0032629319466650486
25,-0.007967028766870499,-0.25855410099029547,-0.13193042576313044,-0.6336745619773871,0.035569656640291124,-0.00022376934063798138,-0.0027532437816262245,-0.6336745619773871,0.035569656640291124,0.010713160037994385
26,-0.0027532437816262245,-0.6336745619773871,0.035569656640291124,-0.2587423622608185,-0.1370306462049479,-4.1771510087078855e-05,-0.007974538952112198,-0.2587423622608185,-0.1370306462049479,0.003725233254954219
27,-0.007974538952112198,-0.2587423622608185,-0.1370306462049479,-0.6285933852195735,0.035696286708116406,-0.00022132559075699847,-0.0029335874132812023,-0.6285933852195735,0.035696286708116406,0.006638065911829472
28,-0.0029335874132812023,-0.6285933852195735,0.035696286708116406,-0.2569287717342382,-0.1337573528289792,-4.2055086777330814e-05,-0.008223695680499077,-0.2569287717342382,-0.1337573528289792,0.0030489517375826836
29,-0.008223695680499077,-0.2569287717342382,-0.1337573528289792,-0.6351512670516967,0.03915920108556723,-0.00022872754605125895,-0.003021939191967249,-0.6351512670516967,0.03915920108556723,0.0016528649721294641
30,-0.003021939191967249,-0.6351512670516967,0.03915920108556723,-0.2563701570034019,-0.13474833965301541,-4.256614667665255e-05,-0.008320101536810398,-0.2563701570034019,-0.13474833965301541,0.0021216892637312412
31,-0.008320101536810398,-0.2563701570034019,-0.13474833965301541,-0.6335456967353821,0.04081681370735237,-0.00022953990277407155,-0.0032038986682891846,-0.6335456967353821,0.04081681370735237,0.006329754367470741
32,-0.0032038986682891846,-0.6335456967353821,0.04081681370735237,-0.2540417611598968,-0.13308328390121466,-4.3030466775766395e-05,-0.008580928668379784,-0.2540417611598968,-0.13308328390121466,0.006463319528847933
33,-0.008580928668379784,-0.2540417611598968,-0.13308328390121466,-0.6407843232154847,0.04448777064680942,-0.00023770568779238522,-0.0032867053523659706,-0.6407843232154847,0.04448777064680942,0.022052347660064697
34,-0.0032867053523659706,-0.6407843232154847,0.04448777064680942,-0.25455969572067216,-0.135542005300522,-4.393048266779772e-05,-0.008626855909824371,-0.25455969572067216,-0.135542005300522,0.0056950123980641365
35,-0.008626855909824371,-0.25455969572067216,-0.135542005300522,-0.6380544900894166,0.04350166395306606,-0.00023705457521565137,-0.0034008771181106567,-0.6380544900894166,0.04350166395306606,0.0024482225999236107
36,-0.0034008771181106567,-0.6380544900894166,0.04350166395306606,-0.255736231803894,-0.13729414343833934,-4.5115430908812936e-05,-0.00868682749569416,-0.255736231803894,-0.13729414343833934,0.005722022615373135
37,-0.00868682749569416,-0.255736231803894,-0.13729414343833934,-0.629752159118653,0.03843293711543082,-0.00023370294310486877,-0.00362708093598485,-0.629752159118653,0.03843293711543082,0.004563029855489731
38,-0.00362708093598485,-0.629752159118653,0.03843293711543082,-0.25926551222801125,-0.13812358677387251,-4.750286378963093e-05,-0.008782535791397095,-0.25926551222801125,-0.13812358677387251,0.00326011935248971
39,-0.008782535791397095,-0.25926551222801125,-0.13812358677387251,-0.6224194765090936,0.032277170568704175,-0.0002315062835937247,-0.003833554685115814,-0.6224194765090936,0.032277170568704175,0.0049124411307275295
40,-0.003833554685115814,-0.6224194765090936,0.032277170568704175,-0.26606559753418013,-0.13931091129779816,-5.058388318534393e-05,-0.008753766305744648,-0.26606559753418013,-0.13931091129779816,0.011482112109661102
41,-0.008753766305744648,-0.26606559753418013,-0.13931091129779816,-0.6116735935211178,0.02406571619212652,-0.00022551872108725167,-0.004000510089099407,-0.6116735935211178,0.02406571619212652,0.005150190554559231
42,-0.004000510089099407,-0.6116735935211178,0.02406571619212652,-0.27225863933563293,-0.1390620023012154,-5.3180597671402857e-05,-0.008714965544641018,-0.27225863933563293,-0.1390620023012154,0.004738431423902512
43,-0.008714965544641018,-0.27225863933563293,-0.1390620023012154,-0.5980849266052248,0.015573507174849252,-0.0002181395071513161,-0.004254898522049189,-0.5980849266052248,0.015573507174849252,0.003368082456290722
44,-0.004254898522049189,-0.5980849266052248,0.015573507174849252,-0.27657860517501814,-0.138049870729446,-5.608948779524423e-05,-0.008821889758110046,-0.27657860517501814,-0.138049870729446,0.004303935915231705
45,-0.008821889758110046,-0.27657860517501814,-0.138049870729446,-0.5869514346122747,0.009368859231473136,-0.0002146508303674213,-0.0046127596870064735,-0.5869514346122747,0.009368859231473136,0.004419812001287937
46,-0.0046127596870064735,-0.5869514346122747,0.009368859231473136,-0.2773407399654386,-0.1359096914529796,-5.915583412751311e-05,-0.009144584648311138,-0.2773407399654386,-0.1359096914529796,0.011692466214299202
47,-0.009144584648311138,-0.2773407399654386,-0.1359096914529796,-0.5880785584449766,0.010025641880928842,-0.00022090777744647707,-0.004891769494861364,-0.5880785584449766,0.010025641880928842,0.016066167503595352
48,-0.004891769494861364,-0.5880785584449766,0.010025641880928842,-0.2739611268043516,-0.13549605011939972,-6.0982931270917633e-05,-0.009519707411527634,-0.2739611268043516,-0.13549605011939972,0.009943058714270592
49,-0.009519707411527634,-0.2739611268043516,-0.13549605011939972,-0.595644533634185,0.016034299507737236,-0.00023146292499670487,-0.005105149932205677,-0.595644533634185,0.016034299507737236,0.0049433279782533646
50,-0.005105149932205677,-0.595644533634185,0.016034299507737236,-0.2664687633514409,-0.134052753448486,-6.131300859230292e-05,-0.009973977692425251,-0.2664687633514409,-0.134052753448486,0.014573365449905396
51,-0.009973977692425251,-0.2664687633514409,-0.134052753448486,-0.618241846561432,0.030695429071784262,-0.0002514491286610139,-0.005068253260105848,-0.618241846561432,0.030695429071784262,0.003387745004147291
52,-0.005068253260105848,-0.618241846561432,0.030695429071784262,-0.2573401629924778,-0.13554941117763478,-5.919128238551952e-05,-0.010230631567537785,-0.2573401629924778,-0.13554941117763478,0.022656351327896118
53,-0.010230631567537785,-0.2573401629924778,-0.13554941117763478,-0.6292334198951719,0.04192182421684292,-0.00026237788043611095,-0.005186188034713268,-0.6292334198951719,0.04192182421684292,0.005034303292632103
54,-0.005186188034713268,-0.6292334198951719,0.04192182421684292,-0.2491098642349246,-0.13482937216758697,-5.863970082795125e-05,-0.010622376576066017,-0.2491098642349246,-0.13482937216758697,0.0032479120418429375
55,-0.010622376576066017,-0.2491098642349246,-0.13482937216758697,-0.6412013173103337,0.0509382970631121,-0.0002768571026657018,-0.0053603919222950935,-0.6412013173103337,0.0509382970631121,0.0030817962251603603
56,-0.0053603919222950935,-0.6412013173103337,0.0509382970631121,-0.24409063160419373,-0.13456943631172133,-5.943479328473446e-05,-0.010959877632558346,-0.24409063160419373,-0.13456943631172133,0.0031392027158290148
57,-0.010959877632558346,-0.24409063160419373,-0.13456943631172133,-0.6454918980598447,0.05680619552731593,-0.0002865073136234599,-0.0056809792295098305,-0.6454918980598447,0.05680619552731593,0.002394778188318014
58,-0.0056809792295098305,-0.6454918980598447,0.05680619552731593,-0.23893985152244696,-0.13208174705505454,-6.166782866418278e-05,-0.011464105919003487,-0.23893985152244696,-0.13208174705505454,0.004085908643901348
59,-0.011464105919003487,-0.23893985152244696,-0.13208174705505454,-0.6510955691337587,0.05993974208831724,-0.0003007192760468888,-0.0060446662828326225,-0.6510955691337587,0.05993974208831724,0.0027908210176974535
60,-0.0060446662828326225,-0.6510955691337587,0.05993974208831724,-0.23863218724727567,-0.13330769538879395,-6.594805613188637e-05,-0.011810860596597195,-0.23863218724727567,-0.13330769538879395,0.0026905208360403776
61,-0.011810860596597195,-0.23863218724727567,-0.13330769538879395,-0.6451603770256038,0.057570036500691736,-0.0003054959444789403,-0.006521452218294144,-0.6451603770256038,0.057570036500691736,0.005042131058871746
62,-0.006521452218294144,-0.6451603770256038,0.057570036500691736,-0.23913238942623155,-0.13257631659507707,-7.187908692985971e-05,-0.012256466783583164,-0.23913238942623155,-0.13257631659507707,0.005764728412032127
63,-0.012256466783583164,-0.23913238942623155,-0.13257631659507707,-0.6414816975593566,0.054329574108123876,-0.0003140423509478911,-0.006989018991589546,-0.6414816975593566,0.054329574108123876,0.0029687141068279743
64,-0.006989018991589546,-0.6414816975593566,0.054329574108123876,-0.2424769997596731,-0.1330538988113405,-7.880882524356993e-05,-0.012583645060658455,-0.2424769997596731,-0.1330538988113405,0.004148251377046108
65,-0.012583645060658455,-0.2424769997596731,-0.1330538988113405,-0.641771376132965,0.05039612948894429,-0.0003220474408153995,-0.007186833769083023,-0.641771376132965,0.05039612948894429,0.003652074607089162
66,-0.007186833769083023,-0.641771376132965,0.05039612948894429,-0.24956296384334553,-0.13511984050273873,-8.319269648591535e-05,-0.012512560933828354,-0.24956296384334553,-0.13511984050273873,0.0036867414601147175
67,-0.012512560933828354,-0.24956296384334553,-0.13511984050273873,-0.6294434666633607,0.042436026036740154,-0.0003137226107186138,-0.007354059722274542,-0.6294434666633607,0.042436026036740154,0.003880982520058751
68,-0.007354059722274542,-0.6294434666633607,0.042436026036740154,-0.2534207999706271,-0.1327983736991885,-8.61199903518384e-05,-0.012560294941067696,-0.2534207999706271,-0.1327983736991885,0.013846689835190773
69,-0.012560294941067696,-0.2534207999706271,-0.1327983736991885,-0.6227290034294132,0.03842838481068578,-0.0003114111358697336,-0.007537518627941608,-0.6227290034294132,0.03842838481068578,0.0030964291654527187
70,-0.007537518627941608,-0.6227290034294132,0.03842838481068578,-0.2634502053260812,-0.12982697784900638,-9.057777701715442e-05,-0.012420061975717545,-0.2634502053260812,-0.12982697784900638,0.005825940519571304
71,-0.012420061975717545,-0.2634502053260812,-0.12982697784900638,-0.6119152903556818,0.034077372401953784,-0.00030248711979249444,-0.007679427042603493,-0.6119152903556818,0.034077372401953784,0.0026227543130517006
72,-0.007679427042603493,-0.6119152903556818,0.034077372401953784,-0.2719620466232295,-0.12400221824645984,-9.394057189077054e-05,-0.012317733839154243,-0.2719620466232295,-0.12400221824645984,0.015034286305308342
73,-0.012317733839154243,-0.2719620466232295,-0.12400221824645984,-0.6045287251472474,0.03285478055477115,-0.0002963618857290503,-0.007812588475644588,-0.6045287251472474,0.03285478055477115,0.0036141243763267994
74,-0.007812588475644588,-0.6045287251472474,0.03285478055477115,-0.27832931280136086,-0.1173236370086669,-9.673346595415376e-05,-0.012293324805796146,-0.27832931280136086,-0.1173236370086669,0.002526945900171995
75,-0.012293324805796146,-0.27832931280136086,-0.1173236370086669,-0.6042307615280149,0.035306818783283685,-0.00029569177425881976,-0.007859663106501102,-0.6042307615280149,0.035306818783283685,0.0030943620949983597
76,-0.007859663106501102,-0.6042307615280149,0.035306818783283685,-0.2798198759555816,-0.11321871727705009,-9.741585077769496e-05,-0.012332815676927567,-0.2798198759555816,-0.11321871727705009,0.0033026710152626038
77,-0.012332815676927567,-0.2798198759555816,-0.11321871727705009,-0.6077285408973693,0.03989799320697778,-0.0002984853787877111,-0.00788841675966978,-0.6077285408973693,0.03989799320697778,0.0028910525143146515
78,-0.00788841675966978,-0.6077285408973693,0.03989799320697778,-0.280720919370651,-0.11016359925270024,-9.779180599857136e-05,-0.012366117909550667,-0.280720919370651,-0.11016359925270024,0.002839249325916171
79,-0.012366117909550667,-0.280720919370651,-0.11016359925270024,-0.6135668158531183,0.04456384479999541,-0.00030230692079367516,-0.007832593284547329,-0.6135668158531183,0.04456384479999541,0.01201065443456173
80,-0.007832593284547329,-0.6135668158531183,0.04456384479999541,-0.27996775507926963,-0.11028981208801195,-9.676786146642354e-05,-0.012337550520896912,-0.27996775507926963,-0.11028981208801195,0.0012805702863261104
81,-0.012337550520896912,-0.27996775507926963,-0.11028981208801195,-0.6115666031837467,0.04528156295418773,-0.0003006559862830066,-0.007896573282778263,-0.6115666031837467,0.04528156295418773,0.005699831526726484
82,-0.007896573282778263,-0.6115666031837467,0.04528156295418773,-0.28016012907028237,-0.11039842665195423,-9.781378072510642e-05,-0.012390654534101486,-0.28016012907028237,-0.11039842665195423,0.011461488902568817
83,-0.012390654534101486,-0.28016012907028237,-0.11039842665195423,-0.6047049760818489,0.04218406230211218,-0.00029850541934684215,-0.008111909963190556,-0.6047049760818489,0.04218406230211218,0.035959724336862564
84,-0.008111909963190556,-0.6047049760818489,0.04218406230211218,-0.2822367250919345,-0.1106501668691637,-0.00010170545137336085,-0.012520689517259598,-0.2822367250919345,-0.1106501668691637,0.0027877765242010355
85,-0.012520689517259598,-0.2822367250919345,-0.1106501668691637,-0.5968200564384456,0.03734923154115675,-0.00029775914256354824,-0.00839258637279272,-0.5968200564384456,0.03734923154115675,0.00423542270436883
86,-0.00839258637279272,-0.5968200564384456,0.03734923154115675,-0.28596451878547635,-0.1112400963902474,-0.00010717708404516671,-0.01265161857008934,-0.28596451878547635,-0.1112400963902474,0.006024554371833801
87,-0.01265161857008934,-0.28596451878547635,-0.1112400963902474,-0.5847141742706295,0.030205739662050774,-0.00029509751638913433,-0.008769277483224869,-0.5847141742706295,0.030205739662050774,0.017027314752340317
88,-0.008769277483224869,-0.5847141742706295,0.030205739662050774,-0.2909875810146331,-0.11068131774663971,-0.0001146671330158097,-0.012843367643654346,-0.2909875810146331,-0.11068131774663971,0.003881927812471986
89,-0.012843367643654346,-0.2909875810146331,-0.11068131774663971,-0.5706718564033506,0.02220875956118102,-0.0002932650284185063,-0.009256858378648758,-0.5706718564033506,0.02220875956118102,0.0026676033157855272
90,-0.009256858378648758,-0.5706718564033506,0.02220875956118102,-0.2971252799034116,-0.10886287689209001,-0.0001246258977955711,-0.013117227703332901,-0.2971252799034116,-0.10886287689209001,0.002768348203971982
91,-0.013117227703332901,-0.2971252799034116,-0.10886287689209001,-0.5613523125648503,0.015805626288056842,-0.00029596454892408567,-0.009697075001895428,-0.5613523125648503,0.015805626288056842,0.002961450256407261
92,-0.009697075001895428,-0.5613523125648503,0.015805626288056842,-0.3007425069808969,-0.1083407327532765,-0.00013368061917148875,-0.013418065384030342,-0.3007425069808969,-0.1083407327532765,0.010143544524908066
93,-0.013418065384030342,-0.3007425069808969,-0.1083407327532765,-0.5539359450340265,0.011285673826932671,-0.00030048573694148697,-0.010142242535948753,-0.5539359450340265,0.011285673826932671,0.003179976949468255
94,-0.010142242535948753,-0.5539359450340265,0.011285673826932671,-0.3037176132202151,-0.1072128638625145,-0.00014301936294206476,-0.013753012754023075,-0.3037176132202151,-0.1072128638625145,0.004895136691629887
95,-0.013753012754023075,-0.3037176132202151,-0.1072128638625145,-0.5568662285804749,0.011236536316574426,-0.00031076949007766586,-0.010355416685342789,-0.5568662285804749,0.011236536316574426,0.01690017059445381
96,-0.010355416685342789,-0.5568662285804749,0.011236536316574426,-0.3062727153301244,-0.10726073384285022,-0.00014795949849644223,-0.013867183588445187,-0.3062727153301244,-0.10726073384285022,0.013049943372607231
97,-0.013867183588445187,-0.3062727153301244,-0.10726073384285022,-0.5620082020759585,0.01436434127390396,-0.0003162151106083987,-0.010353206656873226,-0.5620082020759585,0.01436434127390396,0.004599069245159626
98,-0.010353206656873226,-0.5620082020759585,0.01436434127390396,-0.3056853711605065,-0.10466775298118497,-0.0001475507460164161,-0.013917053118348122,-0.3056853711605065,-0.10466775298118497,0.004715863615274429
99,-0.013917053118348122,-0.3056853711605065,-0.10466775298118497,-0.5677975416183468,0.021874601021409062,-0.00032030782716403175,-0.010373955592513084,-0.5677975416183468,0.021874601021409062,0.0020796761382371187
100,-0.010373955592513084,-0.5677975416183468,0.021874601021409062,-0.3025755882263187,-0.10144477337598845,-0.00014695286228537442,-0.014088915660977364,-0.3025755882263187,-0.10144477337598845,0.007689259480684996
101,-0.014088915660977364,-0.3025755882263187,-0.10144477337598845,-0.5729483366012574,0.02959831804037078,-0.0003275675666203551,-0.010549461469054222,-0.5729483366012574,0.02959831804037078,0.0017689992673695087
102,-0.010549461469054222,-0.5729483366012574,0.02959831804037078,-0.3014993667602539,-0.09897895902395272,-0.00015011943083158017,-0.014330491423606873,-0.3014993667602539,-0.09897895902395272,0.0029994824435561895
103,-0.014330491423606873,-0.3014993667602539,-0.09897895902395272,-0.5798712968826296,0.03490792959928494,-0.0003376728553059306,-0.01066952757537365,-0.5798712968826296,0.03490792959928494,0.0022562567610293627
104,-0.01066952757537365,-0.5798712968826296,0.03490792959928494,-0.3032312393188475,-0.09943306446075452,-0.00015308885811029152,-0.014376970008015633,-0.3032312393188475,-0.09943306446075452,0.005932435393333435
105,-0.014376970008015633,-0.3032312393188475,-0.09943306446075452,-0.5742647647857662,0.033204112201929786,-0.0003363550384807105,-0.01087372936308384,-0.5742647647857662,0.033204112201929786,0.0026692640967667103
106,-0.01087372936308384,-0.5742647647857662,0.033204112201929786,-0.30863359570503257,-0.09755107760429403,-0.0001586045825620072,-0.014407259412109852,-0.30863359570503257,-0.09755107760429403,0.003255915828049183
107,-0.014407259412109852,-0.30863359570503257,-0.09755107760429403,-0.5575278401374808,0.026560703292488577,-0.000329479619142024,-0.01133941113948822,-0.5575278401374808,0.026560703292488577,0.019348986446857452
108,-0.01133941113948822,-0.5575278401374808,0.026560703292488577,-0.3168935477733616,-0.09225377440452708,-0.00017047850091077803,-0.014637400396168232,-0.3168935477733616,-0.09225377440452708,0.002755832625553012
109,-0.014637400396168232,-0.3168935477733616,-0.09225377440452708,-0.5422723293304444,0.020087547600268946,-0.0003292448346287801,-0.011949584819376469,-0.5422723293304444,0.020087547600268946,0.008776068687438965
110,-0.011949584819376469,-0.5422723293304444,0.020087547600268946,-0.3262049257755279,-0.08606746792793232,-0.0001864575300453438,-0.014985637739300728,-0.3262049257755279,-0.08606746792793232,0.0019220722606405616
111,-0.014985637739300728,-0.3262049257755279,-0.08606746792793232,-0.5342623591423031,0.01616484485566524,-0.00033592008135729527,-0.012474825605750084,-0.5342623591423031,0.01616484485566524,0.003764597000554204
112,-0.012474825605750084,-0.5342623591423031,0.01616484485566524,-0.3339764475822449,-0.08222101628780387,-0.00020091226619623715,-0.01527215912938118,-0.3339764475822449,-0.08222101628780387,0.0032422244548797607
113,-0.01527215912938118,-0.3339764475822449,-0.08222101628780387,-0.5278413295745841,0.01409057434648233,-0.0003417235179887022,-0.01293252781033516,-0.5278413295745841,0.01409057434648233,0.004007049836218357
114,-0.01293252781033516,-0.5278413295745841,0.01409057434648233,-0.338668584823609,-0.076785407960415,-0.00021330636926889367,-0.015636224299669266,-0.338668584823609,-0.076785407960415,0.03295474126935005
115,-0.015636224299669266,-0.338668584823609,-0.076785407960415,-0.52566522359848,0.015739943832159032,-0.0003519321179105795,-0.013407637365162373,-0.52566522359848,0.015739943832159032,0.002731668995693326
116,-0.013407637365162373,-0.52566522359848,0.015739943832159032,-0.34344828128814664,-0.0729817748069764,-0.00022673391117537705,-0.01598760113120079,-0.34344828128814664,-0.0729817748069764,0.0025369960349053144
117,-0.01598760113120079,-0.34344828128814664,-0.0729817748069764,-0.5226514339447017,0.015465172007680225,-0.0003616319113988886,-0.013850296847522259,-0.5226514339447017,0.015465172007680225,0.0026760168839246035
118,-0.013850296847522259,-0.5226514339447017,0.015465172007680225,-0.3503141701221466,-0.07015013694763217,-0.00024038575836690727,-0.01621345244348049,-0.3503141701221466,-0.07015013694763217,0.013677753508090973
119,-0.01621345244348049,-0.3503141701221466,-0.07015013694763217,-0.5187944769859313,0.012939145788550446,-0.00036717430460564865,-0.014142079278826714,-0.5187944769859313,0.012939145788550446,0.04128723591566086
120,-0.014142079278826714,-0.5187944769859313,0.012939145788550446,-0.3589485287666323,-0.06755249202251477,-0.0002507534693240532,-0.01622515544295311,-0.3589485287666323,-0.06755249202251477,0.0021575153805315495
121,-0.01622515544295311,-0.3589485287666323,-0.06755249202251477,-0.5055683851242063,0.006847110111265851,-0.00036208144106506294,-0.014485747553408146,-0.5055683851242063,0.006847110111265851,0.01957998424768448
122,-0.014485747553408146,-0.5055683851242063,0.006847110111265851,-0.36522421240806624,-0.06344521790742826,-0.0002620663099902812,-0.016404207795858383,-0.36522421240806624,-0.06344521790742826,0.01626613363623619
123,-0.016404207795858383,-0.36522421240806624,-0.06344521790742826,-0.4930208921432501,0.0007263419684019414,-0.0003628171645514401,-0.01496633980423212,-0.4930208921432501,0.0007263419684019414,0.007179016713052988
124,-0.01496633980423212,-0.4930208921432501,0.0007263419684019414,-0.3716910779476168,-0.0609188415110119,-0.0002778167238812393,-0.016676686704158783,-0.3716910779476168,-0.0609188415110119,0.0036387064028531313
125,-0.016676686704158783,-0.3716910779476168,-0.0609188415110119,-0.4789516329765316,-0.006999303121119929,-0.0003662628857104668,-0.015555029734969139,-0.4789516329765316,-0.006999303121119929,0.010889452882111073
126,-0.015555029734969139,-0.4789516329765316,-0.006999303121119929,-0.37636831402778625,-0.058668274432421084,-0.00029684194152694126,-0.01711391657590866,-0.37636831402778625,-0.058668274432421084,0.012753820046782494
127,-0.01711391657590866,-0.37636831402778625,-0.058668274432421084,-0.473208099603653,-0.011922687292099582,-0.00037869425659707947,-0.01606394350528717,-0.473208099603653,-0.011922687292099582,0.039347462356090546
128,-0.01606394350528717,-0.473208099603653,-0.011922687292099582,-0.38052624464035056,-0.0569862984120852,-0.0003139044832745407,-0.017482370138168335,-0.38052624464035056,-0.0569862984120852,0.011951453983783722
129,-0.017482370138168335,-0.38052624464035056,-0.0569862984120852,-0.48008552193641724,-0.010721405036748033,-0.00039388676513537203,-0.016188809648156166,-0.48008552193641724,-0.010721405036748033,0.004168226849287748
130,-0.016188809648156166,-0.48008552193641724,-0.010721405036748033,-0.38010790944099443,-0.05717498809099211,-0.0003177605826460045,-0.017613720148801804,-0.38010790944099443,-0.05717498809099211,0.004641301929950714
131,-0.017613720148801804,-0.38010790944099443,-0.05717498809099211,-0.48580351471900934,-0.0060962722636754415,-0.00040061459128788273,-0.01621771790087223,-0.48580351471900934,-0.0060962722636754415,0.003922966308891773
132,-0.01621771790087223,-0.48580351471900934,-0.0060962722636754415,-0.3745561242103579,-0.054798290133475834,-0.00031690283934544686,-0.017901413142681122,-0.3745561242103579,-0.054798290133475834,0.0018072209786623716
133,-0.017901413142681122,-0.3745561242103579,-0.054798290133475834,-0.4996889829635627,0.005663631949574152,-0.0004161703899850701,-0.016283579170703888,-0.4996889829635627,0.005663631949574152,0.014883668161928654
134,-0.016283579170703888,-0.4996889829635627,0.005663631949574152,-0.36358404159545904,-0.05391769111156537,-0.000315737635836785,-0.018402844667434692,-0.36358404159545904,-0.05391769111156537,0.012483946047723293
135,-0.018402844667434692,-0.36358404159545904,-0.05391769111156537,-0.5262417793273929,0.020223658531904477,-0.00044518441599094416,-0.01616608537733555,-0.5262417793273929,0.020223658531904477,0.002427342813462019
136,-0.01616608537733555,-0.5262417793273929,0.020223658531904477,-0.3485196530818938,-0.060550581663847296,-0.00030798745624984055,-0.018712365999817848,-0.3485196530818938,-0.060550581663847296,0.002856182400137186
137,-0.018712365999817848,-0.3485196530818938,-0.060550581663847296,-0.5623394846916192,0.034073654562233956,-0.0004725414889651331,-0.015492717735469341,-0.5623394846916192,0.034073654562233956,0.003629061859101057
138,-0.015492717735469341,-0.5623394846916192,0.034073654562233956,-0.33129572868347135,-0.07650826871395057,-0.0002831386415690589,-0.01837262138724327,-0.33129572868347135,-0.07650826871395057,0.003117654472589493
139,-0.01837262138724327,-0.33129572868347135,-0.07650826871395057,-0.5524942278861988,0.034374557435512376,-0.00045572426407278503,-0.015555205754935741,-0.5524942278861988,0.034374557435512376,0.008363021537661552
140,-0.015555205754935741,-0.5524942278861988,0.034374557435512376,-0.3320980072021492,-0.07409818470478081,-0.00028512116739870297,-0.01845165342092514,-0.3320980072021492,-0.07409818470478081,0.009483326226472855
141,-0.01845165342092514,-0.3320980072021492,-0.07409818470478081,-0.5465933680534362,0.02979539148509467,-0.00045588484972635714,-0.015717387199401855,-0.5465933680534362,0.02979539148509467,0.0025224080309271812
142,-0.015717387199401855,-0.5465933680534362,0.02979539148509467,-0.335953533649444,-0.07638375461101496,-0.0002912947181594945,-0.01841665431857109,-0.335953533649444,-0.07638375461101496,0.009709211997687817
143,-0.01841665431857109,-0.335953533649444,-0.07638375461101496,-0.5317322015762334,0.019636385142803248,-0.0004480003763306957,-0.01595134288072586,-0.5317322015762334,0.019636385142803248,0.0017726863734424114
144,-0.01595134288072586,-0.5317322015762334,0.019636385142803248,-0.34697923064231867,-0.07399228215217567,-0.00030147526217857203,-0.01827765256166458,-0.34697923064231867,-0.07399228215217567,0.00254750601015985
145,-0.01827765256166458,-0.34697923064231867,-0.07399228215217567,-0.5159642696380614,0.009752797894180416,-0.00043624212155274344,-0.016138026490807533,-0.5159642696380614,0.009752797894180416,0.002690541557967663
146,-0.016138026490807533,-0.5159642696380614,0.009752797894180416,-0.3583190143108372,-0.06956737488508245,-0.0003103327837810139,-0.018122585490345955,-0.3583190143108372,-0.06956737488508245,0.003559679724276066
147,-0.018122585490345955,-0.3583190143108372,-0.06956737488508245,-0.5025453567504877,0.001792309572920637,-0.0004251675660977656,-0.016280928626656532,-0.5025453567504877,0.001792309572920637,0.0028425189666450024
148,-0.016280928626656532,-0.5025453567504877,0.001792309572920637,-0.3686585724353795,-0.06467574834823532,-0.00031764909676137884,-0.0179734043776989,-0.3686585724353795,-0.06467574834823532,0.003035031259059906
149,-0.0179734043776989,-0.3686585724353795,-0.06467574834823532,-0.4878672957420345,-0.004103845916688469,-0.00041404345884628227,-0.016536448150873184,-0.4878672957420345,-0.004103845916688469,0.0035146651789546013
150,-0.016536448150873184,-0.4878672957420345,-0.004103845916688469,-0.3757275044918051,-0.05808943510055566,-0.00032770661214539165,-0.018091440200805664,-0.3757275044918051,-0.05808943510055566,0.00327043398283422
151,-0.018091440200805664,-0.3757275044918051,-0.05808943510055566,-0.4778726994991298,-0.006132093258201648,-0.0004143923256654461,-0.016975287348031998,-0.4778726994991298,-0.006132093258201648,0.0035920506343245506
152,-0.016975287348031998,-0.4778726994991298,-0.006132093258201648,-0.37827569246292087,-0.052415892481804234,-0.0003427388661250509,-0.01854230836033821,-0.37827569246292087,-0.052415892481804234,0.008190000429749489
153,-0.01854230836033821,-0.37827569246292087,-0.052415892481804234,-0.48305401206016524,-0.0022643911652264082,-0.00043267249678153707,-0.01731494441628456,-0.48305401206016524,-0.0022643911652264082,0.004545517731457949
154,-0.01731494441628456,-0.48305401206016524,-0.0022643911652264082,-0.37833660840988115,-0.051047973334790116,-0.0003541957388309553,-0.01889813505113125,-0.37833660840988115,-0.051047973334790116,0.002340115373954177
155,-0.01889813505113125,-0.37833660840988115,-0.051047973334790116,-0.4931147396564495,0.0024719033390285645,-0.00044974986911043384,-0.017402075231075287,-0.4931147396564495,0.0024719033390285645,0.01669200509786606
156,-0.017402075231075287,-0.4931147396564495,0.0024719033390285645,-0.3773269057273865,-0.05283323302865057,-0.00035695020116697856,-0.018978919833898544,-0.3773269057273865,-0.05283323302865057,0.0028362348675727844
157,-0.018978919833898544,-0.3773269057273865,-0.05283323302865057,-0.487784892320633,0.0032164789736266715,-0.00045068033520309446,-0.017706364393234253,-0.487784892320633,0.0032164789736266715,0.013345925137400627
158,-0.017706364393234253,-0.487784892320633,0.0032164789736266715,-0.38089373707771274,-0.0489053502678862,-0.0003684159468648976,-0.019227417185902596,-0.38089373707771274,-0.0489053502678862,0.00360661162994802
159,-0.019227417185902596,-0.38089373707771274,-0.0489053502678862,-0.4864574372768395,0.002741672331467688,-0.000459532272191641,-0.01798279769718647,-0.4864574372768395,0.002741672331467688,0.0026868123095482588
160,-0.01798279769718647,-0.4864574372768395,0.002741672331467688,-0.38448882102966375,-0.04816374182701096,-0.00037922482674047854,-0.019373249262571335,-0.38448882102966375,-0.04816374182701096,0.0024863206781446934
161,-0.019373249262571335,-0.38448882102966375,-0.04816374182701096,-0.47989833354949957,-0.00026677548885419987,-0.0004625497357153864,-0.018290739506483078,-0.47989833354949957,-0.00026677548885419987,0.0023568023461848497
162,-0.018290739506483078,-0.47989833354949957,-0.00026677548885419987,-0.38824436068534784,-0.045825220644473745,-0.00039132220569531776,-0.019581634551286697,-0.38824436068534784,-0.045825220644473745,0.046235471963882446
163,-0.019581634551286697,-0.38824436068534784,-0.045825220644473745,-0.47781270742416426,-0.0024967289064078014,-0.00046976500429962345,-0.01850816234946251,-0.47781270742416426,-0.0024967289064078014,0.001788582419976592
164,-0.01850816234946251,-0.47781270742416426,-0.0024967289064078014,-0.3893692791461946,-0.046551365405321656,-0.00039959553134071604,-0.019730012863874435,-0.3893692791461946,-0.046551365405321656,0.0025958071928471327
165,-0.019730012863874435,-0.3893692791461946,-0.046551365405321656,-0.4718953073024753,-0.006768749095498842,-0.0004732898525035053,-0.018759656697511673,-0.4718953073024753,-0.006768749095498842,0.004230864346027374
166,-0.018759656697511673,-0.4718953073024753,-0.006768749095498842,-0.3934090435504913,-0.047369778156281024,-0.00041014160452457665,-0.019797954708337784,-0.3934090435504913,-0.047369778156281024,0.030384693294763565
167,-0.019797954708337784,-0.3934090435504913,-0.047369778156281024,-0.4535109698772422,-0.015304801054299518,-0.0004692106123331213,-0.01930077187716961,-0.4535109698772422,-0.015304801054299518,0.004816062748432159
168,-0.01930077187716961,-0.4535109698772422,-0.015304801054299518,-0.3961283862590796,-0.04239227622747399,-0.00043114822226990817,-0.020333820953965187,-0.3961283862590796,-0.04239227622747399,0.007504609879106283
169,-0.020333820953965187,-0.3961283862590796,-0.04239227622747399,-0.4497256875038147,-0.01548038236796848,-0.0004890700169122241,-0.019957559183239937,-0.4497256875038147,-0.01548038236796848,0.0031999251805245876
170,-0.019957559183239937,-0.4497256875038147,-0.01548038236796848,-0.39539623260498047,-0.03867883980274188,-0.0004562441508545028,-0.021088752895593643,-0.39539623260498047,-0.03867883980274188,0.0019891844131052494
171,-0.021088752895593643,-0.39539623260498047,-0.03867883980274188,-0.4587970077991486,-0.008801292628049922,-0.0005231652063674909,-0.02051771804690361,-0.4587970077991486,-0.008801292628049922,0.0023458388168364763
172,-0.02051771804690361,-0.4587970077991486,-0.008801292628049922,-0.39239934086799605,-0.03731119632721058,-0.0004776351494916343,-0.021782299503684044,-0.39239934086799605,-0.03731119632721058,0.0036607824731618166
173,-0.021782299503684044,-0.39239934086799605,-0.03731119632721058,-0.48654079437255837,0.0034369984641667364,-0.000562975213330348,-0.020454905927181244,-0.48654079437255837,0.0034369984641667364,0.0047187115997076035
174,-0.020454905927181244,-0.48654079437255837,0.0034369984641667364,-0.38274666666984636,-0.043813515454531424,-0.00047231323720472876,-0.021928569301962852,-0.38274666666984636,-0.043813515454531424,0.002196165733039379
175,-0.021928569301962852,-0.38274666666984636,-0.043813515454531424,-0.4914494156837465,0.012072525918483231,-0.0005712592304286288,-0.020667925477027893,-0.4914494156837465,0.012072525918483231,0.008257169276475906
176,-0.020667925477027893,-0.4914494156837465,0.012072525918483231,-0.37983575463295,-0.04172402620315611,-0.00047999956207481616,-0.022304054349660873,-0.37983575463295,-0.04172402620315611,0.002902334090322256
177,-0.022304054349660873,-0.37983575463295,-0.04172402620315611,-0.5088278055191034,0.020785925909876515,-0.0005947191557688739,-0.020616820082068443,-0.5088278055191034,0.020785925909876515,0.002691292902454734
178,-0.020616820082068443,-0.5088278055191034,0.020785925909876515,-0.3702381849288935,-0.04683828353882004,-0.00047521881807518,-0.022497426718473434,-0.3702381849288935,-0.04683828353882004,0.003675186075270176
179,-0.022497426718473434,-0.3702381849288935,-0.04683828353882004,-0.5215520858764645,0.02894178219139605,-0.0006086761236379242,-0.020564405247569084,-0.5215520858764645,0.02894178219139605,0.004147632513195276
180,-0.020564405247569084,-0.5215520858764645,0.02894178219139605,-0.36422654986381486,-0.05060225352644945,-0.0004714690286691236,-0.022585337981581688,-0.36422654986381486,-0.05060225352644945,0.0030511924996972084
181,-0.022585337981581688,-0.36422654986381486,-0.05060225352644945,-0.5202718973159796,0.030951816588640737,-0.0006121023897831839,-0.020769668743014336,-0.5202718973159796,0.030951816588640737,0.0022171507589519024
182,-0.020769668743014336,-0.5202718973159796,0.030951816588640737,-0.36397185921668984,-0.050717808306217305,-0.00047977326971916005,-0.02279033325612545,-0.36397185921668984,-0.050717808306217305,0.0015117279253900051
183,-0.02279033325612545,-0.36397185921668984,-0.050717808306217305,-0.5093957185745241,0.027421541512012967,-0.0006167209273932814,-0.021286562085151672,-0.5093957185745241,0.027421541512012967,0.01159837655723095
184,-0.021286562085151672,-0.5093957185745241,0.027421541512012967,-0.36633899807930126,-0.04851987585425325,-0.0005018326456335586,-0.02325320430099964,-0.36633899807930126,-0.04851987585425325,0.002325825858861208
185,-0.02325320430099964,-0.36633899807930126,-0.04851987585425325,-0.5063017010688778,0.02327414974570271,-0.0006364141095628025,-0.021716102957725525,-0.5063017010688778,0.02327414974570271,0.0034920424222946167
186,-0.021716102957725525,-0.5063017010688778,0.02327414974570271,-0.36626604199409457,-0.051259681582450665,-0.0005201511603858823,-0.023598380386829376,-0.36626604199409457,-0.051259681582450665,0.045803509652614594
187,-0.023598380386829376,-0.36626604199409457,-0.051259681582450665,-0.4970460534095766,0.016782674938440087,-0.0006485566153444383,-0.02220514416694641,-0.4970460534095766,0.016782674938440087,0.0038008843548595905
188,-0.02220514416694641,-0.4970460534095766,0.016782674938440087,-0.3719947040081022,-0.05072456225752792,-0.0005430202485949401,-0.02385794371366501,-0.3719947040081022,-0.05072456225752792,0.003303498961031437
189,-0.02385794371366501,-0.3719947040081022,-0.05072456225752792,-0.4898353815078745,0.009648274630308528,-0.0006577920575508801,-0.022512907162308693,-0.4898353815078745,0.009648274630308528,0.007286515086889267
190,-0.022512907162308693,-0.4898353815078745,0.009648274630308528,-0.3739159107208257,-0.05070346593856731,-0.000557175715763685,-0.02407943643629551,-0.3739159107208257,-0.05070346593856731,0.0020691805984824896
191,-0.02407943643629551,-0.3739159107208257,-0.05070346593856731,-0.4901846945285791,0.0064550032839174945,-0.0006683877518616932,-0.022611532360315323,-0.4901846945285791,0.0064550032839174945,0.003345444332808256
192,-0.022611532360315323,-0.4901846945285791,0.0064550032839174945,-0.3714305758476254,-0.05373952910304026,-0.0005609539551664962,-0.02419496513903141,-0.3714305758476254,-0.05373952910304026,0.007459617219865322
193,-0.02419496513903141,-0.3714305758476254,-0.05373952910304026,-0.4969752430915835,0.005833335686475106,-0.0006765703954890229,-0.022434644401073456,-0.4969752430915835,0.005833335686475106,0.002666162559762597
194,-0.022434644401073456,-0.4969752430915835,0.005833335686475106,-0.37048336863517833,-0.05787763744592678,-0.0005529933848229104,-0.023960603401064873,-0.37048336863517833,-0.05787763744592678,0.01411622017621994
195,-0.023960603401064873,-0.37048336863517833,-0.05787763744592678,-0.482303619384765,0.0006323604611678023,-0.000659671239354774,-0.022631613537669182,-0.482303619384765,0.0006323604611678023,0.0055794003419578075
196,-0.022631613537669182,-0.482303619384765,0.0006323604611678023,-0.37379673123359664,-0.050807669758796414,-0.0005624333662682808,-0.024195769801735878,-0.37379673123359664,-0.050807669758796414,0.004378204233944416
197,-0.024195769801735878,-0.37379673123359664,-0.050807669758796414,-0.5028106570243838,0.006660496350377554,-0.000678946625562527,-0.022230833768844604,-0.5028106570243838,0.006660496350377554,0.00848281942307949
198,-0.022230833768844604,-0.5028106570243838,0.006660496350377554,-0.3693804740905759,-0.060173057019709805,-0.0005437907821268596,-0.02375328727066517,-0.3693804740905759,-0.060173057019709805,0.005582069046795368
199,-0.02375328727066517,-0.3693804740905759,-0.060173057019709805,-0.478426814079284,-0.0006097852019584844,-0.0006484185285112726,-0.022548237815499306,-0.478426814079284,-0.0006097852019584844,0.003851769957691431
