ddpg_1,ddpg_0,td3,sac,ddpg_0_1
-1260.512765,-1595.166887,-1632.408892,-1302.025575,-1595.166887
-1266.608971,-1589.873941,-1565.949074,-1318.599436,-1592.245106
-1300.859458,-1590.345681,-1563.968122,-1336.142098,-1589.417407
-1332.627801,-1587.302272,-1489.14996,-1387.894448,-1579.390663
-1342.552712,-1579.922285,-1489.160953,-1409.038436,-1570.367692
-1355.2672,-1581.267596,-1504.229147,-1444.982845,-1563.753837
-1324.61736,-1578.230373,-1442.407573,-1454.089376,-1551.619211
-1301.810082,-1576.511047,-1464.062497,-1432.883988,-1542.863539
-1260.811515,-1574.833135,-1414.3859,-1406.272983,-1530.015775
-1277.046496,-1567.218361,-1439.686645,-1378.136237,-1520.982862
-1272.576015,-1564.357067,-1412.342,-1358.734328,-1510.118776
-1282.23651,-1566.188728,-1358.592315,-1338.055169,-1494.96613
-1283.782089,-1559.270196,-1350.892514,-1324.205612,-1480.558768
-1284.936258,-1561.709984,-1335.203542,-1305.164744,-1466.023246
-1308.190207,-1562.496774,-1306.271914,-1293.039987,-1450.048113
-1326.274331,-1561.507547,-1275.783767,-1294.118382,-1432.621678
-1336.2773,-1559.560481,-1232.992535,-1288.73121,-1412.658764
-1352.968123,-1554.8542,-1208.333937,-1282.008818,-1392.226281
-1373.829067,-1554.796356,-1246.22985,-1286.361903,-1377.626638
-1310.208475,-1549.926483,-1206.499667,-1275.34261,-1360.513941
-1243.25143,-1549.714222,-1192.957266,-1257.357725,-1343.758273
-1166.506504,-1549.926428,-1256.006676,-1251.710964,-1334.983114
-1125.382253,-1550.924914,-1304.226858,-1235.213183,-1331.907488
-1088.586878,-1551.805889,-1326.191156,-1213.930727,-1331.335855
-1041.973343,-1550.065038,-1299.681644,-1211.243282,-1328.170434
-1022.165333,-1547.50013,-1327.820275,-1208.057934,-1328.135418
-974.4637733,-1549.804925,-1362.810503,-1189.612038,-1331.602926
-926.027667,-1549.665279,-1398.344805,-1175.037362,-1338.277114
-884.4653338,-1551.064106,-1406.40388,-1171.483744,-1345.089791
-860.4722627,-1551.766602,-1441.216264,-1158.278074,-1354.702438
-849.1979618,-1548.973103,-1465.690426,-1133.480893,-1365.801237
-826.3560413,-1546.663285,-1485.530081,-1106.887716,-1377.774121
-768.9668126,-1546.192016,-1491.991886,-1085.013039,-1389.195898
-717.2634682,-1545.378545,-1507.147316,-1053.116943,-1400.99104
-682.7175722,-1542.71447,-1524.205182,-1049.35951,-1413.312454
-663.758455,-1540.130068,-1538.892811,-1019.471613,-1425.87049
-660.5403225,-1540.208995,-1552.872718,-993.0437552,-1438.570712
-643.9334215,-1536.636021,-1551.285059,-984.2966162,-1449.842147
-616.8550179,-1533.226172,-1552.967811,-972.2236697,-1460.154713
-616.6240534,-1534.226482,-1556.860312,-964.0275406,-1469.825273
-592.4688304,-1528.743613,-1559.688252,-944.6228356,-1478.811571
-581.5441896,-1524.628962,-1560.326264,-948.5007539,-1486.96304
-560.7871309,-1521.647767,-1553.281772,-938.8868731,-1493.594914
-579.0323934,-1519.9035,-1535.460684,-932.7247296,-1497.781491
-546.0619761,-1521.631999,-1528.52726,-919.0094583,-1500.856068
-544.31763,-1518.443773,-1527.004008,-915.6452396,-1503.470862
-539.7281744,-1517.312683,-1527.085025,-888.9760581,-1505.832278
-532.994828,-1515.466997,-1524.256478,-991.6599222,-1507.674698
-504.6238475,-1517.143186,-1491.215854,-969.3580386,-1506.028814
-504.1748153,-1514.448098,-1480.173077,-970.6850991,-1503.44324
-502.5675363,-1510.880366,-1486.581054,-949.8111009,-1501.757021
-477.9630451,-1513.675696,-1485.123545,-926.3041054,-1500.093674
-478.8932004,-1514.675494,-1487.292018,-920.7812109,-1498.813508
-455.2288411,-1515.934384,-1489.278184,-925.9861087,-1497.859976
-485.7497729,-1513.255218,-1489.202475,-922.0664976,-1496.994226
-473.4761887,-1507.123832,-1493.469746,-917.6498514,-1496.641778
-462.136266,-1498.553698,-1485.989149,-911.3944987,-1495.576515
-440.4639521,-1494.322414,-1487.824833,-921.4482579,-1494.801347
-438.8509115,-1491.336449,-1488.639756,-905.6224783,-1494.185188
-419.730252,-1476.457191,-1492.534126,-902.9792306,-1494.020081
-436.7997137,-1470.847034,-1488.958964,-888.8260854,-1493.51397
-453.4708818,-1457.401687,-1491.828826,-875.8412069,-1493.345455
-450.0565249,-1445.488966,-1494.563741,-973.8130297,-1493.467284
-453.455218,-1433.572963,-1494.786374,-976.1465975,-1493.599193
-444.8492369,-1420.548512,-1495.410234,-966.7587874,-1493.780297
-436.9775844,-1406.352152,-1495.681508,-958.3979043,-1493.970418
-431.0201629,-1393.58697,-1482.303457,-950.2342023,-1492.803722
-448.7529811,-1380.946035,-1486.816386,-941.9784342,-1492.204988
-463.4570563,-1368.463596,-1493.620157,-935.7427566,-1492.346505
-478.920604,-1356.064567,-1493.881674,-939.6021233,-1492.500022
-467.6350463,-1342.522734,-1490.918512,-934.1675458,-1492.341871
-454.2719077,-1329.116735,-1482.412314,-941.3606596,-1491.348915
-445.5070164,-1318.831981,-1487.25738,-934.317044,-1490.939762
-425.2273368,-1308.172666,-1338.725202,-930.675474,-1475.718306
-407.5969112,-1296.414945,-1354.856051,-914.8002067,-1463.63208
-392.0881002,-1284.758478,-1355.392101,-910.6025108,-1452.808082
-392.7290343,-1273.239996,-1369.153921,-910.0082193,-1444.442666
-378.0533811,-1261.791586,-1375.049606,-906.1021715,-1437.50336
-375.0620492,-1252.600696,-1387.451306,-1001.760842,-1432.498155
-372.9426902,-1240.085433,-1390.347104,-988.1934186,-1428.28305
-379.3699759,-1228.952883,-1403.706523,-996.5446643,-1425.825397
-391.3145531,-1219.083671,-1263.772571,-985.558024,-1409.620114
-401.594572,-1208.291363,-1290.371815,-974.3390675,-1397.695285
-416.8838478,-1196.213714,-1293.828247,-1060.622975,-1387.308581
-399.174732,-1187.71141,-1304.662519,-1039.373914,-1379.043975
-382.4552761,-1175.852956,-1312.157811,-1023.531045,-1372.355358
-381.5453493,-1166.735743,-1325.953536,-1006.975377,-1367.715176
-367.7088024,-1156.332476,-1333.248356,-994.6271126,-1364.268494
-355.7613583,-1146.122553,-1331.824502,-983.5071903,-1361.024095
-332.280805,-1135.96682,-1336.435252,-961.035285,-1358.565211
-373.4299829,-1125.937288,-1339.278953,-952.762137,-1356.636585
-373.6609356,-1117.394409,-1342.278648,-939.9566481,-1355.200791
-349.2890412,-1107.501806,-1347.869957,-934.5437094,-1354.467708
-330.7459331,-1097.705613,-1342.666122,-925.7436567,-1353.287549
-322.5597667,-1089.168442,-1208.51493,-917.3359613,-1338.810287
-339.8202483,-1080.726899,-1238.612045,-911.8608312,-1328.790463
-318.2903981,-1071.253496,-1249.952888,-908.8147298,-1320.906705
-311.1740275,-1063.110492,-1262.929426,-906.9374553,-1315.108978
-305.1777202,-1053.76352,-1269.552916,-904.6180024,-1310.553371
-346.5741075,-1044.55673,-1294.511199,-997.1120323,-1308.949154
-347.3307814,-1034.129809,-1295.284467,-984.7196469,-1307.582685
-353.217402,-1027.266786,-1299.379614,-973.3257517,-1306.762378
-360.0413346,-1020.814709,-1320.389693,-1040.194228,-1308.12511
-336.774119,-1013.03711,-1339.643221,-1000.670079,-1311.276921
-327.1498912,-1004.150516,-1356.995481,-987.7960099,-1315.848777
-307.1101649,-995.4464201,-1348.721576,-964.9311134,-1319.136057
-309.0894367,-988.0224946,-1344.773382,-957.8083976,-1321.699789
-303.0970394,-979.4011194,-1363.211044,-940.3942085,-1325.850915
-308.8532116,-970.9741988,-1353.407377,-932.4547921,-1328.606561
-302.6123391,-965.1688067,-1369.636252,-914.5054545,-1332.70953
-284.655482,-959.289068,-1350.048853,-899.160114,-1334.443462
-292.8951608,-951.056541,-1331.34655,-884.1656898,-1334.133771
-324.757854,-941.6061511,-1328.751243,-879.8009049,-1333.595518
-316.9603248,-933.4718303,-1320.776167,-867.4525315,-1332.313583
-297.2967822,-925.5687092,-1312.610185,-845.295928,-1330.343243
-313.9089806,-920.1505589,-1320.663777,-856.3946682,-1329.375297
-305.7703681,-912.26068,-1313.485868,-855.6300777,-1327.786354
-334.4404414,-904.4709305,-1298.497561,-854.3742483,-1324.857475
-335.3703278,-898.6280054,-1288.007325,-832.2158258,-1321.17246
-350.9783429,-892.2071298,-1272.640671,-823.0029233,-1316.319281
-339.8737456,-884.5742968,-1266.433126,-815.0329635,-1311.330665
-367.9125642,-878.3362906,-1257.815551,-808.4845207,-1305.979154
-378.9855414,-870.8968939,-1250.737615,-812.9161549,-1300.455
-353.7505997,-863.5556726,-1277.387766,-797.6491401,-1298.148277
-341.3902171,-854.9406977,-1264.242752,-780.4747863,-1294.757724
-331.7239612,-847.6865522,-1257.493488,-771.5718818,-1291.031301
-311.4468503,-840.5301019,-1243.861012,-769.3864158,-1286.314272
-304.4144678,-833.4733441,-1230.558962,-767.0021241,-1280.738741
-274.4924367,-826.4725003,-1219.578715,-752.4012619,-1274.622738
-273.2035247,-820.9535916,-1215.677055,-752.7730018,-1268.72817
-271.0198432,-813.9315615,-1094.277722,-740.161433,-1251.283125
-279.5899987,-807.0815601,-1100.16869,-735.4961376,-1236.171682
-288.3244316,-800.3173449,-1100.359466,-724.388748,-1222.59046
-297.6694182,-793.624015,-1101.943607,-715.2653931,-1210.525775
-327.7159063,-787.0695552,-1143.012383,-728.3955006,-1203.774436
-320.021,-779.2183754,-1180.04406,-718.7037659,-1201.401398
-349.7157508,-772.6379671,-1173.693961,-722.3636864,-1198.630654
-353.2303227,-767.53321,-1208.259068,-721.7451852,-1199.593496
-368.085805,-761.1573264,-1198.155696,-723.9170542,-1199.449716
-380.5075513,-753.5755571,-1194.109035,-724.6215568,-1198.915648
-403.6522435,-748.8745359,-1186.698652,-714.8076024,-1197.693948
-439.4119143,-742.6949681,-1181.028918,-716.4278127,-1196.027445
-420.7159157,-736.5926627,-1214.069919,-694.7780933,-1197.831692
-440.6568633,-730.5613654,-1198.386042,-675.5520206,-1197.887127
-433.6832521,-724.5518171,-1186.863094,-671.7464454,-1196.784724
-426.9804516,-721.0758533,-1174.054535,-677.4528848,-1194.511705
-454.4251219,-716.5567893,-1146.320144,-690.1138896,-1189.692549
-446.5421892,-710.6403265,-1138.295568,-684.0149467,-1184.552851
-451.0830187,-703.5402125,-1024.827553,-688.3481277,-1168.580321
-445.5175134,-696.5177875,-1074.007864,-669.704782,-1159.123075
-463.2583064,-692.2015965,-1118.096401,-664.4184094,-1155.020408
-486.1350796,-686.6278393,-1113.295003,-667.6064185,-1150.847867
-510.8796928,-682.5598944,-1002.288744,-662.5684497,-1135.991955
-485.7071035,-677.1081946,-996.7307204,-646.8097914,-1122.065832
-487.898344,-673.6634569,-995.4992695,-661.5291471,-1109.409175
-488.405644,-666.9441039,-995.64549,-645.3890792,-1098.032807
-486.4776203,-661.5318595,-994.6039978,-639.4142018,-1087.689926
-511.0424069,-658.5523805,-990.2728123,-649.0079088,-1077.948215
-512.6874524,-654.3832421,-996.2603738,-636.3651904,-1069.779431
-509.6699577,-649.174464,-991.4678002,-643.7488562,-1061.948268
-507.8451407,-642.7588196,-997.4254798,-628.9749713,-1055.495989
-508.3513603,-637.674739,-993.6030235,-618.4459204,-1049.306692
-519.973392,-632.6223293,-1000.616151,-606.5402304,-1044.437638
-481.3800227,-627.6201491,-995.093015,-583.9391102,-1039.503176
-470.5612362,-622.6533525,-909.0952329,-572.9732662,-1026.462381
-469.2803782,-617.7662751,-910.1014264,-555.3063719,-1014.826286
-484.4501592,-614.2699779,-913.486344,-561.4222508,-1004.692292
-485.2499249,-608.130441,-929.9052868,-554.3947728,-997.2135913
-509.184901,-603.3648578,-864.3048378,-547.7862594,-983.9227159
-508.2688707,-599.7779321,-831.5593252,-530.9919933,-968.6863769
-494.2466859,-595.1262923,-843.2573706,-527.1194221,-956.1434762
-495.0540901,-590.5090576,-850.5905676,-535.0284367,-945.5881854
-483.7001126,-585.9609344,-858.2321385,-519.6024827,-936.8525807
-485.4225215,-581.399321,-875.5695072,-505.3877195,-930.7242733
-486.6469883,-576.9407356,-879.018008,-492.6940475,-925.5536468
-475.3849099,-572.5085058,-942.9039618,-468.6795241,-927.2886783
-488.7147607,-572.3165193,-926.4310867,-460.0962089,-927.2029191
-477.4141655,-569.3219549,-985.486101,-438.9885801,-933.0312373
-470.2847855,-566.6567557,-926.9051175,-408.1529176,-932.4186253
-481.9006487,-562.2843217,-874.8933102,-392.2081829,-926.6660938
-483.8112076,-559.8318165,-886.6297446,-378.2279348,-922.6624589
-471.3288492,-555.588055,-879.2702036,-364.8157009,-918.3232334
-461.7558545,-552.5548852,-858.6478858,-340.9393992,-912.3556986
-462.9371338,-548.3137816,-852.8976994,-319.392318,-906.4098987
-465.5999585,-545.5115798,-919.0800511,-321.875416,-907.6769139
-456.5918141,-542.7672545,-840.2711178,-302.3905398,-900.9363343
-460.3955543,-542.6109832,-782.7523725,-284.3680701,-889.1179381
-475.6955085,-538.5152601,-704.5962334,-268.4746386,-870.6657677
-464.7723606,-537.1117298,-674.8892057,-254.0729973,-851.0881115
-454.4542265,-531.7573472,-607.4215147,-252.6993702,-826.7214518
-444.9392818,-527.7412241,-599.2743888,-250.5237253,-803.9767455
-442.0992916,-522.50606,-617.8966986,-264.2164026,-785.3687408
-447.8707622,-517.3132648,-595.329992,-262.426836,-766.3648659
-452.0791854,-516.4653982,-588.0012422,-236.504944,-748.5285036
-470.057825,-514.9498829,-596.0392228,-249.5801783,-733.2795755
-472.6805472,-511.1215932,-577.8521368,-248.7995788,-717.7368316
-499.2475573,-508.7678574,-561.2147846,-235.9543715,-702.0846269
-450.4479762,-506.1398598,-656.5093569,-212.471892,-697.5270999
-455.3819139,-502.3545177,-648.1572351,-202.9767406,-692.5901134
-471.0636796,-498.6070577,-597.0934984,-206.3118419,-683.0404519
-449.8348777,-494.9493023,-688.4577351,-197.8361164,-683.5821802
-455.8052373,-493.3154635,-632.4839591,-178.1591101,-678.4723581
-460.2193209,-491.9293511,-582.7330587,-172.8120367,-668.8984282
-466.6779066,-490.8242793,-550.5679838,-167.6123837,-657.0653837
-445.9405,-487.2164506,-522.4198202,-163.254337,-643.6008274
-463.5325658,-497.2545173,-483.4521837,-159.1194874,-627.585963
-466.0369624,-494.7609269,-448.4024854,-167.7209922,-609.6676153
-457.5882552,-492.2655631,-416.66466,-163.4001086,-590.3673197
-471.1544633,-487.360929,-400.8859887,-158.9850897,-571.4191866
-473.8239588,-483.8085378,-360.9363994,-143.11716,-550.3709079
-499.1445223,-480.2693792,-351.7796076,-140.684535,-530.5117779
-493.9892837,-478.3428642,-342.5182379,-126.7002888,-511.7124239
-495.2701128,-474.8948385,-321.1831871,-126.2877471,-492.6595002
-483.9183396,-471.4558611,-289.2314203,-126.48798,-472.3166922
-472.0094402,-468.0633652,-300.4313588,-136.977829,-455.1281589
-487.191596,-464.7276489,-270.5307237,-135.6302724,-436.6684154
-500.3611144,-463.0596728,-243.7482294,-134.4479323,-417.3763968
-512.5500902,-459.7497943,-232.3618278,-133.2598639,-398.8749399
-511.6252104,-456.4781413,-360.5438549,-131.8727265,-395.0418314
-510.5283061,-453.2188119,-374.4080513,-156.6309487,-392.9784534
-509.3481231,-449.9693592,-349.8754153,-164.7562744,-388.6681496
-496.0843653,-446.8124914,-328.1129818,-160.3595831,-382.6126328
-483.7198459,-443.679433,-295.3919018,-156.2998275,-373.8905597
-461.0535672,-440.569596,-417.1812639,-140.8989418,-378.2196301
-471.2587589,-437.4689549,-403.6555736,-150.7533258,-380.7632245
-451.9123575,-436.8232422,-376.6484182,-135.854477,-380.3517438
-451.6970583,-434.9307641,-393.7026489,-134.1641412,-381.6868343
-470.4972391,-431.9086302,-368.0165253,-132.7781159,-380.3198034
-461.1624226,-430.234257,-482.3969562,-119.7280265,-390.5275187
-465.3633402,-427.2125824,-434.579919,-119.5429854,-394.9327587
-481.1386608,-424.2444725,-416.6829453,-107.7092401,-397.1077774
-480.919276,-421.3287805,-402.1008427,-131.7831248,-397.6070839
-468.5824767,-418.4143942,-374.913427,-141.6899952,-395.3377182
-446.6660567,-415.5753896,-337.7406132,-139.8871037,-389.5780077
-486.8833396,-411.4289764,-331.9964142,-148.7230514,-383.8198484
-450.0404431,-408.6054668,-336.561989,-145.7725849,-379.0940624
-441.0270824,-406.967209,-315.7694472,-154.8371396,-372.7616009
-446.9941505,-404.2736357,-297.2882733,-139.4483004,-365.2142682
-453.8981217,-401.5103485,-307.0691022,-161.9358011,-359.3997516
-420.476798,-399.9875459,-301.7205706,-157.8401654,-353.6318335
-403.1971155,-397.3459985,-284.4856314,-154.4354827,-346.7172133
-385.3834633,-394.6820913,-293.4155178,-162.6757177,-341.3870437
-359.0500713,-392.039924,-277.1923681,-158.7457914,-334.9675761
-364.1053606,-390.7253893,-276.3068804,-143.0427871,-329.1015066
-340.4995534,-388.0914033,-288.2277907,-128.9558617,-325.014135
-329.8677685,-385.5258825,-259.6558889,-128.353075,-318.4783104
-308.3153711,-381.7075861,-384.85182,-115.6209164,-325.1156613
-314.3150921,-379.1990673,-383.8169718,-115.7753778,-330.9857924
-308.2914736,-379.1989511,-395.9370858,-104.3395851,-337.4809217
-342.5754563,-378.1995369,-369.464208,-106.0651535,-340.6792504
-341.6466866,-375.7183274,-345.7260631,-117.9876067,-341.1839316
-355.1326821,-373.2956052,-337.8875027,-130.7465852,-340.8542887
-355.7527171,-373.3137112,-317.3189139,-141.5879436,-338.5007513
-413.5907719,-369.605457,-322.5501379,-165.4248855,-336.9056899
-420.70901,-367.2578186,-303.9114171,-160.9927563,-333.6062626
-428.3021872,-368.7307447,-298.9281748,-156.4041407,-330.1384539
-448.0111474,-366.3987683,-282.2758751,-152.9580935,-325.352196
-474.4787097,-364.0341692,-267.4609832,-160.8910968,-319.5630747
-464.229204,-362.8311083,-253.893804,-157.058668,-312.9961476
-491.1067819,-361.7087865,-254.7840565,-165.1471711,-307.1749385
-492.4590037,-359.3861784,-242.6247641,-160.9160385,-300.7199211
-506.0281028,-357.2020772,-369.6226016,-145.3384831,-307.6101891
-494.4883788,-362.9683652,-346.1404047,-142.8965213,-311.4632107
-482.3875671,-360.6478386,-312.2395773,-140.8208496,-311.5408473
-483.4229169,-359.8104446,-294.5822886,-138.7126289,-309.8449915
-473.4167522,-356.2357806,-290.7464386,-125.0025188,-307.9351362
-498.7127264,-353.9571858,-288.4351066,-143.3971012,-305.9851332
-494.3619966,-350.4446799,-272.595512,-151.7140583,-302.6461711
-495.0895367,-348.1893368,-258.5895695,-148.7354193,-298.2405109
-508.3593243,-347.236781,-246.2522689,-146.15924,-293.0416867
-494.8219192,-346.2371093,-259.770416,-131.7528631,-289.7145597
-504.0911607,-345.213514,-234.3887801,-141.6832343,-284.1819817
-454.2363005,-343.073258,-224.5331353,-127.6410027,-278.2170971
-446.6043225,-340.9035455,-214.8455809,-126.8476773,-271.8799455
-451.5253647,-338.8038768,-219.725337,-126.6506238,-266.6644846
-430.7752926,-338.9523765,-211.1410023,-125.7802265,-261.1121364
-412.6359986,-336.7961531,-216.1207438,-125.3771429,-256.6129971
-443.8729925,-334.7573933,-208.4925355,-135.2866223,-251.800951
-412.5334411,-332.7134222,-227.2844519,-122.0581377,-249.3493011
-443.1678831,-331.8393609,-217.6613798,-133.1387301,-246.1805089
-447.6241365,-331.7917812,-209.187916,-156.4232516,-242.4812496
-450.9408068,-329.8507479,-201.6921702,-152.6179426,-238.4023417
-430.3944287,-327.8091993,-194.6304737,-149.433984,-234.0251549
-436.3249796,-325.8821021,-188.0636281,-159.5149474,-229.4290022
-441.37703,-323.8951149,-183.583974,-168.1084633,-224.8444994
-422.100665,-321.9899094,-178.7140818,-163.701108,-220.2314576
-417.142494,-320.1808859,-173.5572216,-159.7277534,-215.564034
-423.5206172,-318.3125571,-196.304811,-177.7805313,-213.6381117
-393.7167997,-317.6031083,-190.0725684,-172.35035,-211.2815574
-392.2736127,-314.4409066,-171.5968059,-155.3153946,-207.3130822
-402.2913027,-312.6127392,-167.2207428,-151.577031,-203.3038483
-387.3070472,-310.8111973,-174.7044334,-136.7374657,-200.4439068
-372.560975,-309.0311085,-169.5358555,-135.7102344,-197.3531017
-384.7250781,-307.2762015,-153.0739603,-147.0273584,-192.9251875
-371.6849603,-306.8967347,-151.0682806,-144.9293258,-188.7394968
-358.4636638,-305.1466342,-148.0893551,-141.9595239,-184.6744827
-334.6936177,-303.4248762,-133.6461181,-139.9888508,-179.5716462
-338.564831,-300.4036733,-146.3567939,-138.6302317,-176.250161
-342.1453591,-298.7007147,-157.3668423,-124.948058,-174.3618291
-356.0966206,-295.7405601,-153.6657976,-135.0422939,-172.292226
-343.1702448,-292.7965887,-150.9717558,-133.6106677,-170.1601789
-321.3983232,-304.7976736,-160.2462435,-132.7348442,-169.1687854
-326.9498705,-303.083893,-156.8567655,-142.2804325,-167.9375834
-329.6162268,-300.0603667,-154.5039367,-152.6275158,-166.5942187
-350.8244687,-298.4222254,-168.5149854,-164.5305212,-166.7862954
-328.4652446,-298.1280727,-164.7998073,-160.5870251,-166.5876466
-296.0334689,-297.5418465,-161.358169,-144.7560504,-166.0646988
-303.1760341,-298.1897488,-145.6205147,-142.0755741,-164.0202804
-320.9164507,-296.5051908,-144.0913517,-159.99768,-162.0273876
-339.230349,-295.9824588,-142.6660282,-155.8135683,-160.0912516
-379.2806519,-294.3394124,-141.148106,-164.6310142,-158.1969371
-379.1508208,-294.1861141,-140.0963408,-160.2401432,-156.3868774
-402.5026279,-291.277434,-152.1104751,-167.8238912,-155.9592372
-423.5336815,-289.6210658,-149.741394,-184.3949745,-155.3374529
-406.683431,-289.2974182,-160.2556705,-177.9971864,-155.8292746
-436.2175961,-288.9600704,-144.5445888,-193.8855293,-154.7008061
-441.5609695,-286.0951151,-143.0573282,-186.2465168,-153.5364583
-435.0130894,-286.4644665,-141.9109168,-180.016533,-152.3739041
-474.0551314,-284.9512477,-141.1497842,-196.8419853,-151.2514921
-475.0504453,-282.1200266,-162.9316757,-189.4973309,-152.4195105
-512.1519876,-280.5541266,-159.9279236,-182.7188859,-153.1703518
-523.6352284,-278.9972198,-157.4289275,-176.6490142,-153.5962094
-518.8340757,-277.5487896,-154.4439435,-170.8331664,-153.6809828
-543.0161896,-277.3760282,-165.1927918,-176.7280889,-154.8321637
-501.3776353,-278.5607723,-161.6603288,-159.2145646,-155.5149802
-513.1519949,-278.8273789,-158.2291828,-155.4905896,-155.7864005
-489.9915136,-277.3931822,-178.3915775,-152.5536577,-158.0469182
-467.287164,-275.9374614,-160.7505597,-137.4817815,-158.3172823
-446.3313026,-274.5085503,-145.056536,-136.4583117,-156.9912077
-427.1207548,-271.7817788,-131.062145,-135.3742124,-154.3983014
-396.9144707,-270.3720152,-130.9035791,-134.3174701,-152.0488292
-405.1966533,-270.1279163,-130.6347765,-132.8189351,-149.9074239
-414.4309691,-268.7811467,-142.2321066,-131.3200515,-149.1398922
-410.537663,-267.2316105,-140.6515885,-130.7277536,-148.2910618
-423.2264225,-268.2788045,-139.2358285,-140.0122344,-147.3855385
-430.3806142,-268.5223906,-138.2828256,-150.4956778,-146.4752672
-411.9500762,-267.1863015,-135.9582473,-147.2914698,-145.4235652
-396.8724038,-264.5301446,-134.9473602,-132.7940567,-144.3759447
-420.7842488,-263.196053,-133.3327082,-119.9628409,-143.2716211
-427.8992866,-261.7618869,-149.5610406,-119.9253732,-143.900563
-434.1579408,-260.4523342,-158.363483,-131.4868259,-145.346855
-453.2158986,-259.1556855,-155.6714762,-129.8869947,-146.3793171
-433.8999657,-259.0848285,-164.2508503,-117.1253312,-148.1664704
-441.8243154,-257.8112352,-171.9414745,-118.0057325,-150.5439709
-439.4280187,-258.1033806,-167.0178179,-118.6798987,-152.1913556
-457.5218678,-256.8234175,-163.6311633,-142.4482025,-153.3353363
-461.2393957,-256.925991,-173.6200796,-151.93203,-155.3638107
-474.0280165,-255.7155158,-179.9424208,-148.3014786,-157.8216717
-477.5667329,-255.6376785,-174.6897282,-145.9646024,-159.5084773
-479.2632454,-256.6191886,-170.0503697,-155.0273944,-160.5626666
-504.7413807,-256.8214073,-153.2250934,-151.9876033,-159.8289092
-528.6171667,-257.8141694,-150.1053938,-148.8667133,-158.8565577
-514.4572887,-256.5568447,-148.2374486,-134.2249987,-157.7946468
-525.459894,-255.3100629,-145.2117397,-144.4875817,-156.5363561
-533.8400036,-254.1445814,-143.5568921,-142.1115739,-155.2384097
-543.0472357,-252.942901,-154.3054868,-153.607089,-155.1451174
-551.8122326,-251.821911,-173.6950154,-150.4921346,-157.0001072
-547.3576868,-250.591801,-169.1052862,-147.5209092,-158.2106251
-555.0881387,-249.3710337,-164.6274091,-145.429432,-158.8523035
-549.2727236,-248.1885112,-174.5787194,-142.8755117,-160.4249451
-531.1999056,-247.0061736,-180.8002395,-152.3135023,-162.4624745
-527.7675668,-245.8070391,-175.4426648,-149.4028112,-163.7604936
-511.2296593,-245.9677298,-158.3547319,-158.531567,-163.2199174
-492.0367926,-246.0282833,-167.2300493,-155.2215861,-163.6209306
-480.5890429,-246.0202046,-150.7115421,-166.141787,-162.3299917
-457.6676565,-244.8605772,-148.5658918,-162.1259131,-160.9535817
-412.004139,-243.7394386,-146.0951044,-146.0523175,-159.467734
-408.3440546,-242.619423,-131.7915145,-143.818359,-156.7001121
-380.222145,-241.4473632,-131.4322523,-129.802577,-154.1733261
-355.0785991,-240.2434445,-142.3326992,-129.2952327,-152.9892634
-369.6585328,-239.1577663,-152.6700462,-128.8277125,-152.9573417
-357.9761618,-240.3468138,-149.2768128,-116.1991842,-152.5892888
-366.1492351,-239.2624385,-156.7882357,-138.6135214,-153.0091835
-366.4998643,-238.2596133,-154.1853277,-136.3787481,-153.1267979
-342.5185492,-235.8824873,-163.3479493,-122.8881934,-154.148913
-346.5071609,-234.8950425,-172.1792204,-123.1473877,-155.9519438
-324.3446298,-236.0208256,-167.9707962,-111.1465881,-157.153829
-315.5515889,-233.6768772,-185.4786552,-112.3782132,-159.9863116
-308.2432227,-232.6825915,-179.8763303,-125.0291092,-161.9753135
-300.230711,-231.6973331,-185.8544606,-136.4260622,-164.3632282
-295.1735516,-230.7100531,-191.1924251,-135.0565185,-167.0461479
-301.8942525,-229.7183265,-198.5416445,-156.909868,-170.1956976
-334.1573155,-228.7726228,-204.2613579,-153.8057879,-173.6022636
-338.1361268,-228.950911,-196.5396965,-150.9401652,-175.8960069
-317.1591875,-228.0303431,-189.6548542,-136.0172091,-177.2718916
-337.2595168,-227.0554869,-183.6145111,-134.0716341,-177.9061536
-341.0549953,-226.1440645,-177.1735372,-133.110358,-177.8328919
-368.0008252,-226.4308558,-194.7733708,-151.3419418,-179.5269398
-379.6233148,-224.1880408,-200.2179793,-159.9411642,-181.5960438
-403.3210534,-223.2822367,-193.0539901,-169.5983016,-182.7418384
-400.0973745,-223.6770005,-197.6821846,-164.9792217,-184.235873
-398.1926993,-222.7540436,-178.1232505,-161.0608673,-183.6246108
-420.4095491,-223.101331,-172.7253864,-169.4594601,-182.5346883
-429.1938795,-222.2211641,-179.4117016,-175.2691911,-182.2223897
-424.344112,-223.8050675,-173.8432981,-169.6834861,-181.3844805
-444.0942547,-221.5928961,-168.528958,-177.391438,-180.0989283
-449.953747,-220.6987782,-176.5494981,-183.9899195,-179.7439852
-441.92247,-219.8249392,-183.4890602,-177.435118,-180.1184927
-436.3008217,-218.9727999,-176.997564,-160.0727658,-179.8063999
-450.3126632,-219.6799044,-171.9760174,-156.9059754,-179.0233616
-455.5939643,-232.3925637,-167.3709475,-153.4456812,-177.8581202
-460.5461964,-231.3911672,-163.5066015,-150.2246135,-176.4229683
-451.7998239,-234.2049499,-159.9317773,-147.4575621,-174.7738492
-444.6575824,-235.8544988,-144.0876914,-132.9379484,-171.7052334
-425.7386176,-234.8283425,-152.4092554,-131.4409055,-169.7756356
-449.965406,-239.1650799,-149.4977107,-155.4850991,-167.7478431
-455.280325,-239.3739553,-158.9022013,-164.4484677,-166.863279
-473.0293891,-239.647823,-143.1781636,-182.5446129,-164.4947674
-478.5425875,-238.575384,-140.5919102,-176.2888045,-162.1044817
-480.2674043,-237.51836,-150.7060016,-170.8091303,-160.9646337
-469.6066279,-236.4748634,-148.4376766,-177.1620709,-159.711938
-497.413277,-235.4659049,-145.3738536,-171.6745442,-158.2781295
-495.8696135,-235.6955615,-155.6694356,-166.8505138,-158.0172602
-496.1814807,-235.8347639,-164.9591098,-162.4991859,-158.7114451
-484.3067349,-235.9208274,-161.0233551,-158.559442,-158.9426361
-494.2072138,-236.1643409,-157.0419074,-166.2155787,-158.7525632
-482.84905,-235.1282405,-154.2987241,-149.782052,-158.3071793
-503.1620589,-234.0069058,-172.845096,-170.133291,-159.760971
-509.9309428,-231.6849396,-167.6642938,-165.7098081,-160.5513033
-497.7162058,-229.3774419,-175.0763092,-161.5312779,-162.0038039
-492.9620166,-234.7484687,-169.9288409,-157.763037,-162.7963076
-481.2163909,-235.1770284,-165.6111642,-154.2257007,-163.0777932
-493.6733427,-235.6516389,-161.7226225,-161.646091,-162.9422762
-504.2721667,-233.296229,-157.4293049,-168.6118042,-162.390979
-524.5697811,-232.3025343,-166.4088171,-186.6880652,-162.7927628
-521.5506782,-231.2878583,-149.884698,-196.5430929,-161.5019564
-518.8708755,-232.6724755,-147.5788823,-188.5533866,-160.109649
-529.7902174,-232.7991948,-145.1004937,-195.5430298,-158.6087334
-526.9585952,-231.793764,-143.6306974,-188.6249794,-157.1109298
-523.7463792,-230.7406086,-142.0238848,-182.0068604,-155.6022253
-510.0292704,-229.7410573,-140.4279262,-163.9972411,-154.0847954
-508.707962,-228.783516,-150.4885637,-159.927888,-153.7251722
-494.6843079,-227.7458048,-135.643666,-166.9549827,-151.9170216
-481.8029311,-225.4884215,-146.8719892,-162.5891773,-151.4125184
-471.040986,-225.8737141,-144.3231985,-158.7137666,-150.7035864
-486.6939301,-226.0192267,-142.230064,-166.0463372,-149.8562341
-488.1064589,-225.0529138,-140.6421418,-162.0359841,-148.9348249
-464.5703653,-224.0554103,-139.2290387,-158.4210016,-147.9642463
-455.0595777,-223.1120482,-136.8966326,-154.3561127,-146.8574849
-446.5893763,-223.4082425,-146.2416981,-151.1550145,-146.7959062
-470.3749433,-221.1901425,-143.9516523,-159.091238,-146.5114808
-484.3492554,-220.3191318,-142.2379554,-165.7930864,-146.0841283
-448.7872628,-218.1179746,-152.101903,-161.6153367,-146.6859058
-442.4337691,-217.275036,-149.7134466,-145.7099154,-146.9886599
-411.1679042,-217.4954795,-159.1170992,-131.39361,-148.2015038
-406.6111594,-216.6594031,-155.1941165,-141.1362319,-148.9007651
-403.6881867,-214.4937456,-163.8511185,-127.2594403,-150.3958004
-442.3710047,-214.9165033,-159.8876739,-146.3062818,-151.3449878
-435.7959794,-214.0587395,-167.5665272,-131.9575964,-152.9671417
-429.4758244,-214.2526186,-163.1340647,-144.3042787,-153.983834
-423.6665866,-213.4156528,-171.4038501,-130.1593448,-155.7258356
-432.4815672,-211.3042409,-167.0123047,-129.7498382,-156.8544825
-426.5059101,-211.6022751,-162.7989134,-129.2463212,-157.4489256
-421.064413,-213.5088195,-146.804014,-128.6653228,-156.3844344
-436.0758693,-212.6840147,-144.5802283,-127.9247619,-155.2040138
-429.4953236,-210.5659134,-142.4232146,-126.793908,-153.9259339
-403.3911204,-209.7695864,-164.0077044,-114.3354551,-154.934111
-396.0184719,-213.1946374,-171.3217581,-103.1164668,-156.5728757
-393.9491292,-212.3918499,-166.8195125,-105.1108583,-157.5975394
-422.8423602,-211.6045425,-150.3318912,-118.3385753,-156.8709745
-441.8903508,-209.5066008,-147.2530178,-118.5641672,-155.9091789
-435.175481,-208.701595,-145.033883,-118.7745353,-154.8216493
-429.0115039,-206.6291049,-131.7593289,-118.9549936,-152.5154172
-423.5803534,-205.9261059,-130.8296067,-119.1463639,-150.3468362
-426.0971057,-205.1908884,-143.1889171,-119.392059,-149.6310443
-431.485897,-204.4391427,-141.5809437,-119.2496553,-148.8260342
-462.7766603,-203.7337291,-141.3279146,-119.2009309,-148.0762223
-475.4531404,-202.9977485,-127.2484966,-119.6765187,-145.9934497
-477.8545249,-202.2804965,-139.6841837,-120.2896981,-145.3625231
-455.8778358,-201.5911719,-138.1237596,-120.9092859,-144.6386467
-486.1240576,-203.3772844,-147.3403792,-121.0299269,-144.90882
-489.6455081,-203.8476013,-145.1413282,-120.7216028,-144.9320708
-489.6791444,-203.1309585,-143.165037,-120.8352111,-144.7553674
-490.5722174,-204.3791517,-140.2328599,-120.9090967,-144.3031167
-491.4334129,-202.3438911,-137.5955093,-108.9990586,-143.6323559
-502.7090771,-201.6031556,-123.9053424,-133.136988,-141.6596546
-513.7682246,-203.3508903,-141.6025612,-131.6737727,-141.6539452
-510.9778441,-203.760534,-140.8734887,-141.7086206,-141.5758996
-497.4165232,-204.3556878,-139.3757171,-139.792348,-141.3558813
-486.1859663,-202.3166884,-149.1729418,-137.5881503,-142.1375874
-512.4998693,-201.6623207,-145.6570937,-136.3258251,-142.489538
-515.3069033,-200.9577339,-144.987972,-134.9539079,-142.7393814
-537.3005901,-200.1897585,-142.9742364,-133.6294508,-142.7628669
-533.0726811,-200.6667201,-152.7466383,-131.9705197,-143.7612441
-517.5370666,-201.8074639,-173.7594671,-131.3746071,-146.7610664
-508.3336099,-202.4229931,-169.5908356,-130.1252845,-149.0440433
-520.0778012,-204.8594204,-166.2953094,-129.5444902,-150.7691699
-529.016666,-204.1540022,-161.453427,-116.8914442,-151.8375956
-537.8596113,-203.42957,-169.3807095,-117.5070418,-153.591907
-533.5987911,-205.5037791,-164.2858659,-118.1466333,-154.6613029
-564.6709275,-205.9957964,-161.081638,-129.5902277,-155.3033364
-569.8985521,-205.2421597,-168.0592095,-129.1952195,-156.5789237
-574.8694857,-207.5842515,-165.049797,-141.5549922,-157.426011
-602.080631,-206.7234905,-161.9569211,-150.1145827,-157.879102
-593.9695068,-205.9859742,-171.3415677,-147.5288752,-159.2253486
-598.264912,-205.2492948,-167.8697746,-133.1710275,-160.0897912
-589.2628495,-203.2158518,-165.2039255,-132.508189,-160.6012046
-580.8121148,-203.7907299,-162.6002982,-131.6204337,-160.801114
-599.5349289,-204.3943942,-158.8416408,-155.9959067,-160.6051667
-601.8134874,-203.6752218,-143.0062076,-164.8311036,-158.8452708
-608.5943081,-202.9235335,-140.1215287,-183.8995833,-156.9728966
-586.2777657,-202.2147103,-160.4781316,-165.7772442,-157.3234201
-612.7348907,-201.4717318,-168.7936153,-172.9156998,-158.4704396
-613.3986059,-200.7797026,-176.2963327,-167.9063576,-160.2530289
-630.731555,-201.5437046,-171.3290135,-163.6587215,-161.3606274
-630.2892883,-202.180425,-166.7368406,-147.4595451,-161.8982487
-591.0841894,-200.1690315,-164.05988,-144.5403452,-162.1144118
-581.6141742,-199.5022951,-161.7189989,-142.6912295,-162.0748705
-584.1549797,-198.840194,-181.2724381,-140.6662466,-163.9946273
-565.4615791,-198.1009272,-177.3218601,-138.8764125,-165.3273506
-545.8712562,-197.429196,-173.561062,-137.0473742,-166.1507217
-535.6685537,-195.4611755,-169.0921189,-135.5318058,-166.4448614
-531.7375307,-195.9981071,-175.4364419,-133.8859463,-167.3440195
-540.4989212,-195.3720974,-182.3415494,-144.5579326,-168.8437725
-561.913365,-196.0209076,-178.2958851,-154.6047246,-169.7889837
-569.1655464,-196.4144423,-172.9972637,-151.3908073,-170.1098117
-574.6797891,-195.829795,-155.8807252,-148.788959,-168.6869031
-587.2790302,-195.1924827,-154.5260461,-166.4669384,-167.2708174
-602.5783037,-194.4640538,-163.2221394,-162.2438493,-166.8659496
-627.6698385,-196.3240504,-159.0669305,-169.2666915,-166.0860477
-621.6337373,-197.6873151,-155.4672005,-152.5821128,-165.024163
-632.667913,-197.0501747,-151.8564887,-149.0773738,-163.7073955
-631.6174992,-196.4178038,-136.7226984,-146.3681934,-161.0089258
-630.5467824,-196.9495173,-147.7043205,-143.8317833,-159.6784653
-617.6020608,-196.3069784,-134.9699394,-129.6617247,-157.2076127
-616.184646,-196.8751212,-134.7775179,-142.6752957,-154.9646032
-584.9662228,-194.9228686,-134.5206659,-128.714011,-152.9202095
-552.4217171,-199.7075333,-133.06606,-116.0069753,-150.9347945
-558.6820751,-199.0211554,-132.1822055,-128.020875,-149.0595356
-552.1767295,-199.7243785,-143.2316865,-127.1374305,-148.4767507
-556.3868998,-199.0455396,-163.8420216,-137.4735955,-150.0132778
-567.263395,-199.5165877,-159.7432378,-156.5804414,-150.9862738
-584.8361267,-201.4044121,-167.2667944,-167.7819632,-152.6143259
-589.0325652,-201.9696447,-174.8924672,-163.4164025,-154.84214
-579.8246106,-202.4210213,-171.1422267,-159.527692,-156.4721487
-571.570037,-201.720642,-185.9585038,-156.5450696,-159.4207842
-551.8758029,-201.0592529,-179.7771689,-153.2104771,-161.4564227
-533.4969365,-199.0708234,-175.89482,-150.1364558,-162.9002624
-554.2365943,-198.4282891,-172.3163437,-160.0505987,-163.8418705
-548.5600911,-199.1519802,-169.0999533,-156.3515236,-164.3676788
-530.8162898,-198.4891146,-164.1459784,-153.4328029,-164.3455088
-538.399974,-199.1591485,-171.8158336,-162.1709679,-165.0925412
-565.1018986,-197.1808813,-179.0707406,-182.4922094,-166.4903612
-545.6553959,-198.3163219,-186.4486563,-188.0857807,-168.4861907
-542.4577295,-200.057177,-179.2348763,-181.700911,-169.5610593
-549.383591,-201.6591183,-175.1319074,-175.3767365,-170.1181441
-542.5511537,-202.6317569,-170.0451482,-181.3567378,-170.1108445
-538.5637356,-214.3429286,-165.0658285,-163.5348536,-169.6063429
-529.3869226,-217.1924897,-161.9154403,-170.9406304,-168.8372526
-513.0436685,-216.2787298,-145.7838879,-165.4880623,-166.5319162
-512.9846883,-219.1447966,-143.2914068,-161.0040958,-164.2078652
-499.1156231,-218.2901734,-164.0468447,-157.0963376,-164.1917632
-484.9103321,-216.1294237,-147.907135,-164.1196943,-162.5633003
-461.1300167,-215.2813504,-144.8141898,-147.9755762,-160.7883893
-452.2810074,-214.4203271,-155.4421377,-145.4922195,-160.2537641
-490.4536674,-214.6955342,-153.4486301,-155.0262608,-159.5732507
-464.4195879,-213.8593123,-152.2779517,-139.8087734,-158.8437208
-478.155264,-215.015085,-161.0761005,-161.7714478,-159.0669588
-467.1689004,-214.1284564,-179.6030127,-158.1153847,-161.1205642
-469.2480889,-213.2861657,-163.1856795,-154.2868871,-161.3270757
-469.4879394,-211.1727214,-171.4448712,-151.5368965,-162.3388553
-435.5768984,-210.3234336,-154.3127509,-136.5757625,-161.5362448
-440.4058787,-209.5299788,-163.679186,-135.2347161,-161.7505389
-445.2939766,-208.6908907,-175.4874221,-133.4813531,-163.1242273
-438.3277578,-207.9250276,-170.7944624,-132.6435593,-163.8912508
-433.3186719,-207.2160303,-153.7414136,-131.7082102,-162.8762671
-439.8234444,-205.1577512,-151.120003,-131.0827815,-161.7006407
-420.3884002,-204.4134836,-149.3990504,-142.4874529,-160.4704816
-404.4590962,-202.3739894,-159.2145687,-140.8845672,-160.3448903
-399.6313066,-201.64207,-156.7525722,-150.6390795,-159.9856585
-398.8551544,-214.5767687,-176.9690698,-148.0074999,-161.6839996
-367.4753506,-213.7484324,-195.1045808,-133.5816751,-165.0260578
-367.4953974,-212.9249374,-175.6424328,-131.8391692,-166.0876953
-343.1328227,-213.2502267,-170.2028696,-130.4899556,-166.4992127
-348.5206044,-212.4546596,-153.4292047,-129.5095701,-165.1922119
-384.5353847,-217.3099854,-150.5498606,-152.2348857,-163.7279768
-396.9726704,-216.4106245,-148.8088792,-149.7350325,-162.236067
-440.7606776,-216.8021937,-157.199647,-168.840284,-161.732425
-458.8291158,-215.9836619,-155.1075854,-175.8466521,-161.0699411
-450.96657,-216.6993734,-152.505672,-158.4516639,-160.2135141
-468.8496766,-215.8387422,-159.9331116,-155.0558885,-160.1854739
-479.6480149,-216.1781113,-166.9948823,-163.8603123,-160.8664147
-481.6162351,-215.2613686,-184.1592249,-147.6582395,-163.1956957
-489.7145654,-214.3775526,-190.2957241,-158.0827079,-165.9056986
-517.1458149,-213.5022493,-183.2337815,-154.2860846,-167.6385069
-538.5366504,-212.64328,-164.926931,-150.7272028,-167.3673493
-534.7436591,-211.7947798,-162.125636,-147.8601727,-166.843178
-538.2657169,-211.0466638,-145.9262519,-145.5306071,-164.7514854
-536.4083914,-210.2515226,-153.4755514,-143.5224868,-163.623892
-568.3620755,-210.6875853,-138.2669942,-141.6268674,-161.0882022
-557.7369537,-211.309966,-147.9693838,-139.629487,-159.7763203
-551.9548443,-209.2426956,-146.216514,-137.9481104,-158.4203397
-547.9023703,-209.7221636,-131.6513994,-136.7398158,-155.7434457
-580.1570241,-210.0764884,-149.2936455,-158.2365549,-155.0984657
-573.4278328,-209.3145958,-146.5466496,-154.4970731,-154.2432841
-579.073449,-208.5508768,-144.8716998,-151.3733506,-153.3061256
-571.6153893,-207.7973045,-143.1237065,-136.5761768,-152.2878837
-568.670109,-208.3526111,-142.736885,-153.7063359,-151.3327838
-562.442779,-206.2971543,-163.1526689,-150.8871585,-152.5147724
-569.6269964,-204.2555506,-159.0750679,-148.2447568,-153.1708019
